tweet_id,fecha_utc,contenido_texto,retweets,favoritos,fecha_limpia
at://did:plc:2rrp7amblhg3xoly5n5huiqv/app.bsky.feed.post/3mkqssdlj6k2s,2026-04-30 23:54:49.850000+00:00,Buy shares in Apple,6,161,2026-04-30
at://did:plc:mvbtiboewj3hnzzq2npgdafu/app.bsky.feed.post/3mkqsfkbhic2z,2026-04-30 23:47:40.628000+00:00,Chilling with the backyard bunny enjoying her flayrah :3,10,155,2026-04-30
at://did:plc:6atqsj33vbuu6g2as3yyxchd/app.bsky.feed.post/3mkqknlxoxs2y,2026-04-30 21:29:00.930000+00:00,That apple core trend #phm #projecthailmary #ironlung #rylandgrace #simonironlung #bloodymary #bloodstars #ironmary #trend #applecoretrend,5,98,2026-04-30
at://did:plc:x7p75ghmpqdf4646t72yotfu/app.bsky.feed.post/3mkqmicxhtk2d,2026-04-30 22:01:51.197000+00:00,trying to play games with the apple mice now,1,46,2026-04-30
at://did:plc:43mphaebevpvjboz6vzrr6at/app.bsky.feed.post/3mkqsdb6qmk2k,2026-04-30 23:46:24.018000+00:00,I love being in fucking dongle hell trying to have a mouse an external monitor and a keyboard and charging at the same time. Thank you USB-C and apple computer,0,64,2026-04-30
at://did:plc:dsjyhwwlvuouyerkhwsojdjf/app.bsky.feed.post/3mkqeq6ngy224,2026-04-30 19:43:05.169000+00:00,keep streaming ILTWTF 💚 Apple: apple.co/4ugjbrM Spotify: bit.ly/4curFVP Tidal: bit.ly/3N4wNWk,18,121,2026-04-30
at://did:plc:pnx2fjuannbdpy3337ggthpp/app.bsky.feed.post/3mkqhhvhzcs2d,2026-04-30 20:32:08.351000+00:00,"$AAPL beats *APPLE 2Q EPS $2.01, EST. $1.96 *APPLE 2Q REV. $111.18B, EST. $109.66B *APPLE 2Q IPHONE REVENUE $56.99B, EST. $56.98B *APPLE 2Q SERVICES REV $30.98B, EST. $30.37B *APPLE 2Q GREATER CHINA REV. $20.50B, EST. $18.91B *APPLE CITES `EXTRAORDINARY DEMAND' FOR IPHONE 17 LINEUP",4,35,2026-04-30
at://did:plc:tu6c7n74k6qa7tktsdzlmhzp/app.bsky.feed.post/3mkqoaftjws2e,2026-04-30 22:33:13.264000+00:00,Capex wasn't mentioned once on the Apple earnings call,3,10,2026-04-30
at://did:plc:tbrthh5pfovhdv5pkdhocnub/app.bsky.feed.post/3mkqniwmqta2z,2026-04-30 22:20:05.540589+00:00,"My sister gave us an amazing high powered blender. We can put a whole meal into it and drink it as a smoothie: soup, roast meat and veg, gravy, apple crumble. This is a game changer and hubby and I love it, even if roast smoothies aren't fashionable (yet).",2,108,2026-04-30
at://did:plc:a5ypjflwucffbz2gxcwplpor/app.bsky.feed.post/3mkqrtlcpps2p,2026-04-30 23:37:37.760000+00:00,Just how big is the D? The saucer of #StarTrek's 1701-D is almost as wide as the Apple Park building in Cupertino.,2,13,2026-04-30
at://did:plc:vneeq4rh5g7x5y7cse3dncsp/app.bsky.feed.post/3mkqsizm4ek2c,2026-04-30 23:49:37.395000+00:00,"Purple is grape! Green should only be apple, lime or feijoa for us kiwi sickos.",0,6,2026-04-30
at://did:plc:77cr2typpgny6gn5lbfp5jix/app.bsky.feed.post/3mkqlhpcmmk2t,2026-04-30 21:43:36.848000+00:00,[laughing motherfuckerly] folks always trying to bring apple math to the calzone olympics,0,19,2026-04-30
at://did:plc:cgt7y53iumh5lxu4u6fxihuj/app.bsky.feed.post/3mkqes6tt7k2x,2026-04-30 19:44:12.493000+00:00,"New posters for CAPE FEAR. Javier Bardem, Amy Adams, and Patrick Wilson star. The 10-episode series will make its global debut June 5 with a two-episode premiere on Apple TV, followed by new episodes every Friday. Produced by Spielberg & Scorsese.",28,235,2026-04-30
at://did:plc:dwy2w3hctehoyb74dheetlgf/app.bsky.feed.post/3mkqjnyusjk2d,2026-04-30 21:11:20.685000+00:00,Holly Blue #butterfly in my #Cambridge garden today apparently drinking from water droplets on an apple leaf after I'd been watering.,1,28,2026-04-30
at://did:plc:yekvl6k6dm35bmp2ygpolt7k/app.bsky.feed.post/3mkqj4h2exc24,2026-04-30 21:01:31.607000+00:00,"I’m quite enjoying “Widow’s Bay”, the new Apple TV+ show, which is a lot like “Jaws” if it were told from the perspective of the mayor.",2,35,2026-04-30
at://did:plc:kuulr36sl7uh3fsdbxydzsm6/app.bsky.feed.post/3mkqk7dskl62u,2026-04-30 21:21:02.613000+00:00,😂I couldn't hear. I was at a roadside apple and fruit shop just across the road.,0,13,2026-04-30
at://did:plc:be5h3xymvtvrluuxeaunuqq4/app.bsky.feed.post/3mkqfeshs5s2w,2026-04-30 19:54:37.052000+00:00,1 apple tall,0,11,2026-04-30
at://did:plc:z4dmq2l3mcl652rcsbog73zb/app.bsky.feed.post/3mkqmgy6uw22x,2026-04-30 22:01:06.352000+00:00,apple so good it fucking kills you,1,4,2026-04-30
at://did:plc:askan54te527ykkwm6ycx37g/app.bsky.feed.post/3mkqmfnlc5k2p,2026-04-30 22:00:21.669000+00:00,My apple trees are blossoming 🤗 They smell delicious 🍎,0,8,2026-04-30
at://did:plc:4t3ogr4mgwcqpxj7bqqz7fy3/app.bsky.feed.post/3mkqsiz5xak2b,2026-04-30 23:49:36.931000+00:00,eeee!! >w< yah hehe I still get a whole apple juice next time you babysit right?? promise I won't tell my mommy :3,0,8,2026-04-30
at://did:plc:eiroqhvmrl6xbr35pavye5lw/app.bsky.feed.post/3mkqfmhmy2k2d,2026-04-30 19:58:54.122000+00:00,Widow’s Bay on Apple: both quite funny and very creepy. An oddly satisfying combo.,1,13,2026-04-30
at://did:plc:z65vqr5r4w4e6qfs2l2wo72v/app.bsky.feed.post/3mkqfsfp6w22q,2026-04-30 20:02:13.403000+00:00,Apple x Porsche livery is back! for the IMSA WeatherTech SportsCar Championship at Laguna Seca Raceway this weekend (May 3rd)!! Look at this beautiful car! newsroom.porsche.com/en_US/2026/m...,0,19,2026-04-30
at://did:plc:uc7eb5rz4yin3kgshnptkuex/app.bsky.feed.post/3mkqpgkshhs2p,2026-04-30 22:54:33.539000+00:00,oh hell no,1,14,2026-04-30
at://did:plc:ugkxlur5rhkh7jm4b43tp7zt/app.bsky.feed.post/3mkqj5nbya227,2026-04-30 21:02:11.702000+00:00,𝗧𝗛𝗨𝗥𝗦𝗗𝗔𝗬 𝗥𝗨𝗡 7️⃣ Another lovely sunny evening run … seven kilometres completed. #7k #run #running #apple #marksandspencer #nike #nikerunning #runsky #thisis53 #consistency #endurance #inspiration #motivation #motivational,0,18,2026-04-30
at://did:plc:kuulr36sl7uh3fsdbxydzsm6/app.bsky.feed.post/3mkqfyrwwht2u,2026-04-30 20:05:47.582000+00:00,"A tiny human (1?) has just spotted not one, but TWO trucks full of bright red apples passing her on the road. With great purpose she points at the apple trucks, then looks at everyone waiting at the lights around her. This is something that MUST be noticed! (4)",5,105,2026-04-30
at://did:plc:xkn7cc6syz3pz56mzfn4zpp7/app.bsky.feed.post/3mkqpzr4acc2t,2026-04-30 23:05:17.686000+00:00,"Hi I'm Abby, I write historic fantasy, and for my last meal, I would like ice cream and apple pie. #SFFChat",1,11,2026-04-30
at://did:plc:tsix4scvgfvre3vr62xyj4v2/app.bsky.feed.post/3mkqpdtc3622f,2026-04-30 22:52:52.418000+00:00,Monobank accepts 🍏Apple Pay & 🍀Google Pay send.monobank.ua/jar/7uwhtDGmiD *spotfund spot.fund/rlnzphsc DonorBox donorbox.org/light-will-p... 🧩Bitcoin bc1qwcmc2nqz4jnfyeuwx03vn3y8u2lh8zfz4nxkgd 👕TeamYuri Merch bonfire.com/store/teamyu... All ways to help listed here 👉 chornomorets.notepin.co,7,12,2026-04-30
at://did:plc:4jr7pk3z6o23y2e3hb3ol6e7/app.bsky.feed.post/3mkqnhcwj6k2e,2026-04-30 22:19:11.343000+00:00,"My apple trees are coming along quite nicely, it's almost time to put them in individual pots. #seedlings #plantsfromseed #appletree #fruittrees #pnwgardening #futurebonsai #bonsai #botany #horticulture #gardening",1,5,2026-04-30
at://did:plc:dtxeaqgso2p4drm533hhja5v/app.bsky.feed.post/3mkqpzlf3x22m,2026-04-30 23:05:11.684000+00:00,Apple Blossom is a big annual several week event and that billboard placement is perfection. I hope the one in East Wenatchee has a similarly superb position.,0,5,2026-04-30
at://did:plc:jlmye4zikb6xf6yw42sdni5s/app.bsky.feed.post/3mkqrcvp2t22r,2026-04-30 23:28:18.224000+00:00,"then he took a turn being the fruit bird and i got two strawberries, apples, pears.... and a fucking stinky eyeball apple ""yuck!!! throw it away I dont want that!"" then we both do a throwing motion and say ""there, no more gross stinky eyeball apples"" maximum babyfun over here",0,12,2026-04-30
at://did:plc:tpox7wm63wkzgb4zjwbmrkvs/app.bsky.feed.post/3mkqieoytvc2k,2026-04-30 20:48:14.638000+00:00,"Just seen a Tesco ad where a young lad is confronted by a massive, yet jovial, fruit and veg troll. His friends then set about devouring it, and it ends with the same lad eating an escaping apple that has a smiling face.",5,43,2026-04-30
at://did:plc:kgx6h25uiw7ipgrbfopq6mx3/app.bsky.feed.post/3mkqep7y6lk2d,2026-04-30 19:42:33.020000+00:00,apple music thinks i fuck with drake? this is toasts fault somehow,0,10,2026-04-30
at://did:plc:h4oxuytxeg4caxzgiev6izl5/app.bsky.feed.post/3mkqqc6yqhk25,2026-04-30 23:10:00.686000+00:00,Bone apple tea.... 🐀🧑‍🍳✨,0,2,2026-04-30
at://did:plc:g6tr6mz4cbt5dx4jqwmzhiaz/app.bsky.feed.post/3mkqj26256s2u,2026-04-30 21:00:15.042000+00:00,unfortunately we can't blame the computer for this one,0,8,2026-04-30
at://did:plc:s3btcq64u2zclblvx2glysls/app.bsky.feed.post/3mkqnmxkqxc2o,2026-04-30 22:22:20.761000+00:00,The blitz turned me from “the death penalty is always the wrong move” to “I want a good seat when they hang Greg Bovino from a sour apple tree.”,1,8,2026-04-30
at://did:plc:p7ffxkcsq2xwt3t2mbk52puc/app.bsky.feed.post/3mkqmvdxmjs2o,2026-04-30 22:09:08.460000+00:00,Apple CEO Tim Cook says that advanced system-on-a-chip (SoC) supply is the main constraint in the upcoming quarter. Not RAM supply. #Apple #Earnings $AAPL,1,4,2026-04-30
at://did:plc:fbtvg6jxtdroidfvq5z635xu/app.bsky.feed.post/3mkqi5yjc422c,2026-04-30 20:44:29.736000+00:00,"Apple Q2 2026 (fiscal) earnings are out: 📱 iPhone revenue up 22% 💻 Mac revenue up 6% 📑 iPad revenue up 8% ⌚ wearable revenue up 5% ☁️ services revenue up 16% $111.2 billion in revenue overall, up 17% year over year",2,56,2026-04-30
at://did:plc:lzjiayojmwxy6v6rplgrbpo2/app.bsky.feed.post/3mkq3fkhygc2u,2026-04-30 16:56:04.805000+00:00,Buy Apple stocks,0,16,2026-04-30
at://did:plc:djob7qp3nefs2b6uuoymeale/app.bsky.feed.post/3mkqfaheuhs2f,2026-04-30 19:52:11.202000+00:00,on the RE-VAMPED WITH JULIET LANDAU Podcast! Eric has NEVER been interviewed about Buffy before! We chat Buffy Spotify: open.spotify.com/episode/0a4Y... Apple: podcasts.apple.com/us/podcast/r...,3,15,2026-04-30
at://did:plc:bnokmh46ndqelhgwhbspsxnv/app.bsky.feed.post/3mkqb4in6js2l,2026-04-30 18:38:23.337000+00:00,"LORNE (2026) Streaming: May 5, 2026 PVOD (Apple, Amazon, Fandango at Home, etc.) #Lorne whentostream.com/lorne-michae...",0,9,2026-04-30
at://did:plc:mbsab43g7tpt5yxcowqirq2m/app.bsky.feed.post/3mkps4cswwc2z,2026-04-30 14:09:51.110000+00:00,"THIS IS NOT A THING ULTRAPROCESSED MEANS ABSOLUTELY NOTHING There is no mechanism of action by which ""processing"" a food would, across the board, have this effect. Cutting up an apple is processing it. Cutting up and salting potato chips is processing them. THERE IS NO SUCH THING AS ULTRAPROCESSED",290,1069,2026-04-30
at://did:plc:4eyhxbeogaaqv2p556nkbecg/app.bsky.feed.post/3mkqrhhv6zc2k,2026-04-30 23:30:51.521000+00:00,"Every time I read this book out loud to my eldest, when I would get to the author's name on the cover, it would go like this: Me: ""Al Perkins."" Her: ""Apple juice."" Me: ""Apple juice."" I have no idea where that came from, but it happened every single time.",0,13,2026-04-30
at://did:plc:rks4wxn7oc4citjsigvoc6tt/app.bsky.feed.post/3mkq4hgklzs2n,2026-04-30 17:15:01.547000+00:00,Tim Cook is stepping back as CEO of Apple. What legacy does he lead and where does Apple go next? This week @bcmerchant.bsky.social joins @parismarx.com to discuss why we can’t ignore the labor exploitation built into the outsourcing model Cook created. Full ep: techwontsave.us/episode/326_...,8,27,2026-04-30
at://did:plc:m7ge2oachmcuvonpu2h3k7pn/app.bsky.feed.post/3mkqpbpqgcs2f,2026-04-30 22:51:50.943000+00:00,"I think there is a solid chance that chance sitting out the AI money fight will be Cook's greatest legacy as CEO. Imagine Apple buying (say) OpenAI at a bankrupcy auction in 2027, for like a quarter's worth of free cash flow.",4,23,2026-04-30
at://did:plc:jsvqbtjxgjmelrjnkbtsjc44/app.bsky.feed.post/3mkqlgqrur22y,2026-04-30 21:43:04.844000+00:00,I like the Apple House there!,0,2,2026-04-30
at://did:plc:aivutzyumh7g32wnq22zcvls/app.bsky.feed.post/3mkqpkbsl6c2r,2026-04-30 22:56:37.983000+00:00,"Grace Tame doesn't pull her punches on today's podcast. Yes, the NDIS is badly in need of reform. But kicking disabled people off the scheme and calling it a day solves none of the problems eroding the system. @crikey.com.au #auspol Watch on YouTube. Listen on Apple, Spotify, everywhere else.",5,16,2026-04-30
at://did:plc:33pwbudmx7nasj3337pvy2oc/app.bsky.feed.post/3mkqptn72222n,2026-04-30 23:01:52.257000+00:00,"Apple had to file a motion today with any open discovery disputes in the retaliation litigation. Apple complained my drs won't produce records in response to their deficient subpoenas, want an IME despite refusing to disclose the expert, & Apple's demanding more records about Cher Scarlett",0,4,2026-04-30
at://did:plc:ffctjd56sttnyawqddrzgq7g/app.bsky.feed.post/3mkpz4gr2ck2y,2026-04-30 16:15:11.433000+00:00,Back on the road 🛫 Watch #SKCvSEA on Apple TV ➡️ sndrs.com/khy17qm9,0,24,2026-04-30
at://did:plc:aunpu65mdrhwfie7ynymlzeh/app.bsky.feed.post/3mkqi7pen6p2u,2026-04-30 20:45:27+00:00,"Watch the full episode of Bulwark Takes at The Bulwark and YouTube, or listen on Apple Podcasts, Spotify or wherever you get your podcasts: LINK",1,7,2026-04-30
at://did:plc:ygdsrktjohrm53ns54iymigu/app.bsky.feed.post/3mkpwyzahi223,2026-04-30 15:37:29.112000+00:00,"Amazon, Meta, Google, Palantir, Apple, Paramount and about 150 more are all listed in the boycott guide: reasons, strategies and alternatives. While you're freezing them out tomorrow, read and plan to boycott them long term, as well: open.substack.com/pub/psychope...",118,180,2026-04-30
at://did:plc:lw6gekxfyx4ab6qwfs7gckeh/app.bsky.feed.post/3mkpqijtd2s2i,2026-04-30 13:40:53.630000+00:00,ˢᵒ ˢᵐᵒˡ #MLP #mlpfim #AppleJack,23,75,2026-04-30
at://did:plc:bc6kyskf4x6mnrn55k6cxim5/app.bsky.feed.post/3mkqhple6ks2v,2026-04-30 20:36:26.175000+00:00,"getting banned from the apple store by typing on all the computers and loudly saying ""I'M IN""",0,12,2026-04-30
at://did:plc:diqj4crr4l2epjhrdlzf6zay/app.bsky.feed.post/3mkqqvdiyhs26,2026-04-30 23:20:42.947000+00:00,Turns into an apple 🍎,0,1,2026-04-30
at://did:plc:5oy2xcpdflrexpgdw5wysnjd/app.bsky.feed.post/3mkqeymstd223,2026-04-30 19:47:48.468000+00:00,"Takes a whole lot of apple seeds to get a lethal dose, though, otherwise I would be long dead.",0,3,2026-04-30
at://did:plc:rkgmcmrlwobvdajgjmxlvfya/app.bsky.feed.post/3mkq3ca3ca22q,2026-04-30 16:54:13.235000+00:00,"We packed 400 lunch bags (sandwich, apple, drink, granola bar, chips) this morning for public school students - thank you Day One Disaster Relief and Durham Public School Strong for organizing to feed kids during work and school stoppage May 1. #durhamnc #northcarolina",39,152,2026-04-30
at://did:plc:wo6qozm6fzt6jzdbuzgcpn6g/app.bsky.feed.post/3mkq7f5ik4z27,2026-04-30 18:07:24.666000+00:00,New Video Apple Pencil for Non-Artists 🔗 youtu.be/braDJ6NVv-Y,0,4,2026-04-30
at://did:plc:6fnzney5yhgjcbw664awibcm/app.bsky.feed.post/3mkqams4nf227,2026-04-30 18:29:36.412000+00:00,"I have been using a 13-year-old iPod nano again with very old Apple headphones with the remote. Great for puttering around my apartment and chores, especially because I don't have a Spotify subscription, but I need better quality headphones for walking the dog.",0,32,2026-04-30
at://did:plc:pz2e6pmf64ey4zpgyjuvpdfj/app.bsky.feed.post/3mkqlfgcjqc27,2026-04-30 21:42:20.301000+00:00,"Between Sentimental Value, Predator: Badlands and now Margo’s Got Money Troubles, Elle Fanning is on quite a tear. Highly recommend her new show on Apple TV, it really is impressive so far",0,4,2026-04-30
at://did:plc:uw4nxxgm6qh2swv6loyjy7tp/app.bsky.feed.post/3mkpvxn6eb22a,2026-04-30 15:18:49.161000+00:00,Apple Torn Meniscus,1,12,2026-04-30
at://did:plc:lvwwi4todcx5yh2l5kfjp2in/app.bsky.feed.post/3mkqmbkchfc23,2026-04-30 21:58:03.995000+00:00,"Sam is my audience for my new track, he's a harsh critic but thats fair. linktr.ee/adamware",1,8,2026-04-30
at://did:plc:e3ap6sjaftiof33z6xjt54aa/app.bsky.feed.post/3mkqjzubt7s2b,2026-04-30 21:17:54.895000+00:00,Thank you to Pangborn Memorial Airport and Alaska Airlines for their partnership in making this new connection a reality for the Apple Capital of the World. (3/3),1,12,2026-04-30
at://did:plc:zgvsjugwr2sxzjwripyhx52q/app.bsky.feed.post/3mkpwooodi223,2026-04-30 15:31:42.469000+00:00,who the fuck could have foreseen this,5,54,2026-04-30
at://did:plc:6mo3hvobecuu2fmz44iy67gy/app.bsky.feed.post/3mkqcknwphk26,2026-04-30 19:04:12.394000+00:00,okay but do you know what hurts even more than my cat not enjoying a beloved album?,0,15,2026-04-30
at://did:plc:4ktfm42mb2iayemgslbpl5sv/app.bsky.feed.post/3mkpvvjmpfs2u,2026-04-30 15:17:38.304000+00:00,The Porsche 963 isn't the best-looking GTP car but it doesn't look bad in this retro Apple livery for Laguna Seca,2,8,2026-04-30
at://did:plc:xtg6uhgsy2j7k2a6qtcood2w/app.bsky.feed.post/3mkpu6esbrc2v,2026-04-30 14:46:47.778000+00:00,"the reporting on this company still doesn't emphasize enough that Mark Zuckerberg has never done an actually innovative thing in his entire life he backed ass first into an ad monopoly then stumbled around for two decades pretending to be apple, firing employees for his own failures",30,161,2026-04-30
at://did:plc:eb55fh7l3dinvsb6eejz2d2x/app.bsky.feed.post/3mkqqwcckkk24,2026-04-30 23:21:15.243000+00:00,I made puff pastry apple strudel for mine today.,0,1,2026-04-30
at://did:plc:rmebd4gals5cgq2a43xaogi6/app.bsky.feed.post/3mkq32toiyc2p,2026-04-30 16:50:05.339000+00:00,"I often work as a Woodsman in the autumn and winter, and 5 years ago I discovered an elderly Crab apple in a sorry state. I've been gradually cutting dead and diseased wood, and this year rewarded by the most extraordinary blossom. 📍Lake District #trees",4,52,2026-04-30
at://did:plc:36mbjqeyps4zq7adi3s43v2k/app.bsky.feed.post/3mkqevh6g6c2o,2026-04-30 19:46:01.890000+00:00,"Born 30th April 1953, Merrill Osmond, from The Osmonds. They had the 1971 US No.1 single 'One Bad Apple', the 1974 hit 'Crazy Horses' and the 1974 UK No.1 single 'Love Me For A Reason'. The Osmonds have sold over 75 million records worldwide. #MerrillOsmond #TheOsmonds",1,14,2026-04-30
at://did:plc:fsh54wo4ljci37ii56gf4is3/app.bsky.feed.post/3mkpsgyk3q22l,2026-04-30 14:15:49.335000+00:00,My favourite apple tree in the garden is in blossom today. Do we have winds? 🤔 Do We have Winds!😂 Poor little tree. #spring #appleblossom #pretty,1,24,2026-04-30
at://did:plc:aykk3xngzryf5sjyj42jjhfk/app.bsky.feed.post/3mkpxdeceec2k,2026-04-30 15:43:16.254000+00:00,spoken like a true apple cutter. your mind will be mush and i'll keep laughing and taking big raw bites like the chairman from iron chef,0,41,2026-04-30
at://did:plc:wz6ux4keati4lih222kiqzf5/app.bsky.feed.post/3mkqkdjfkes2b,2026-04-30 21:23:22.696000+00:00,Some of these webcams look like y'all's photos. Complaining about apple vs android photos when the real culprit is dirty lenses!,0,7,2026-04-30
at://did:plc:e2fgcasutluuxn4k3fjp6cqv/app.bsky.feed.post/3mkpya2kvzk22,2026-04-30 15:59:19.124000+00:00,Porsche x Apple are bringing back the Woke for the Laguna Seca IMSA race. 😍🌈,2,12,2026-04-30
at://did:plc:mjlwscaq6objpocqcwyhx6ag/app.bsky.feed.post/3mkqhxdqgcs2o,2026-04-30 20:40:46.624000+00:00,The only thing on my list is the new Tatiana Maslany show on Apple,0,4,2026-04-30
at://did:plc:pnx2fjuannbdpy3337ggthpp/app.bsky.feed.post/3mkqbpe6yjk2d,2026-04-30 18:48:56.213000+00:00,"PULL IT OFF THE BOARD, as you were.",2,36,2026-04-30
at://did:plc:4rar73sq54nqmqh2ndm3lah3/app.bsky.feed.post/3mkqdidn3nk2e,2026-04-30 19:20:48.231000+00:00,Really pleased that my brain has finally allowed me to hyperfocus on food that isn't really terrible for me. Im just like 🙂 I'm gonna eat a apple yay!!!,0,9,2026-04-30
at://did:plc:s7wi5lkfgpq475fdxx3cjwto/app.bsky.feed.post/3mkqjgy4ia22o,2026-04-30 21:07:25.003000+00:00,"#JoinMeOnMyWalk from lunchtime today, sorry for the late post, I've been out to tea and came home to a hungry hedgehog in my garden so I've popped out some cat biscuits and a dish of water. 💚 So warm and sunny today with comma & peacock & beautiful flowers. @thephotohour.bsky.social #Lancashire",1,10,2026-04-30
at://did:plc:aqqauc2crcjdrdae2wwy3622/app.bsky.feed.post/3mkqfmzgnkc2z,2026-04-30 19:59:12.786000+00:00,Raindrops on apple blossoms from my dog walking today,1,15,2026-04-30
at://did:plc:3exs3kkabfbcxk647vgszzuu/app.bsky.feed.post/3mkphtsjmyc2a,2026-04-30 11:06:08.162000+00:00,#alastor #lucifermorningstar Take the apple,25,92,2026-04-30
at://did:plc:d3ulcoeymittok62eaxbqlq4/app.bsky.feed.post/3mkqa5bd2q22v,2026-04-30 18:20:55.461000+00:00,Me holding the apple of positive aura (touching it makes you glow with bright energy),1,8,2026-04-30
at://did:plc:ugvs62srx3cus6nqrz4fmx44/app.bsky.feed.post/3mkpzds6nis2f,2026-04-30 16:19:18.294000+00:00,not bad eh,0,10,2026-04-30
at://did:plc:mz3bitdrhvrfyxf6uieht5cn/app.bsky.feed.post/3mkqrchsjt327,2026-04-30 23:28:03.603615+00:00,Feels less like people want AI PCs and more like they want cheap local inference boxes. curious how much of this is dev demand vs regular Mac upgrades for Apple Intelligence,0,2,2026-04-30
at://did:web:pluralistic.net/app.bsky.feed.post/3mkpup3e2ju25,2026-04-30 14:56:04.688000+00:00,"If you pay $2 for an apple at the grocery store and the same store only charges me $1 for that apple, then that grocer is telling you that your dollars are worth half as much as mine: pluralistic.net/2025/06/24/p... 8/",2,20,2026-04-30
at://did:plc:6ashubrd3ihfmnrpsatviswa/app.bsky.feed.post/3mkq2rx22bs22,2026-04-30 16:45:06.890000+00:00,"wow, has apple used their old rainbow logo on anything else since they switched to the flat one? www.motorsport.com/imsa/news/po...",1,10,2026-04-30
at://did:plc:7kbrpoxrxa6cgegxrhdgihhp/app.bsky.feed.post/3mkprnqwimc2r,2026-04-30 14:01:42.590000+00:00,*apple,0,5,2026-04-30
at://did:plc:7joz2kbxtlzl6yvoix6zba4e/app.bsky.feed.post/3mkpqbtc5jc2e,2026-04-30 13:37:08.668000+00:00,For fun i made a variant -🍏THE GREEN APPLE JESTER🍏- #meowscarada #Pokémon,4,19,2026-04-30
at://did:plc:6tbzwmehjcw6fisdcx6ak7is/app.bsky.feed.post/3mkpxlpmlpk2p,2026-04-30 15:47:56.546000+00:00,Crab apple blossom in the front garden 😍 #bloomscrolling,0,5,2026-04-30
at://did:plc:4xwxmnh6mu62j322mglp7tt6/app.bsky.feed.post/3mkq36uvs3k2y,2026-04-30 16:52:20.860000+00:00,"trying to bite into an apple real sexy like but I underestimate how firm it is and take too big a bite and panic and try to swallow, only to start choking and then my partner has to do the heimlich",0,16,2026-04-30
at://did:plc:rtiqvrkkv6pytlgyesrlnpco/app.bsky.feed.post/3mkq2rtuyv22m,2026-04-30 16:45:03.578000+00:00,All-in on Tim Apple buying the Seahawks as I assume he would be so laser focused on streamlining concessions sourcing logistics that he wouldn’t meddle with the on field product too much,0,14,2026-04-30
at://did:plc:eksetdsosgixhs25ozom2vx4/app.bsky.feed.post/3mkqrkdqrgc2o,2026-04-30 23:32:27.833000+00:00,I recall......perhaps 12-15 years ago...purchasing Naruto ringtones on her Apple account....... ...are these....my sins....,0,18,2026-04-30
at://did:plc:o7pntlmeu4hleggs7ewomceq/app.bsky.feed.post/3mkqr5p32sc2p,2026-04-30 23:25:23.509000+00:00,They said there's no bills up there and plenty of green apple flavor 😭😭,0,1,2026-04-30
at://did:plc:diu66ajvuijvhif5wsr3cz5d/app.bsky.feed.post/3mkpnp5yw4s2s,2026-04-30 12:50:54.887000+00:00,Also organic has no health benefits over anything. Nutritionally an apple is an apple and your body can't tell the difference. Your wallet can though.,0,26,2026-04-30
at://did:plc:5x4p5tgshfa7xef6f3jrv34h/app.bsky.feed.post/3mkpipqoq4s23,2026-04-30 11:21:45.762000+00:00,apple music you have gotta be more careful than this with people who are listening to a bunch of love songs lmao most of them don’t want their attention called to it!,0,46,2026-04-30
at://did:plc:bdbratbstlublb4zk33v4plz/app.bsky.feed.post/3mkqr4vifjs24,2026-04-30 23:24:56.683000+00:00,"Bad will be fine. I am fine. Im like on my way to you know! You said that your like okay or whatever, but I gatta make sure! I AM NOT NICE YOU STUPID DUMB BUG ...i mean.... uh... just like doing this for Bad Apple so dont get your possessor twisted",0,2,2026-04-30
at://did:plc:sgfdlhtvcn2klikwuiuywipv/app.bsky.feed.post/3mkq3a6f2qk2a,2026-04-30 16:53:04.348000+00:00,Genuinely tweaking ohmygod is that an apple on Alastor's jacket??? #radioapple,0,7,2026-04-30
at://did:plc:oqkv6vdph4fmtmgs6j4xrjxe/app.bsky.feed.post/3mkqo5xxavc52,2026-04-30 22:30:57+00:00,Apple was surprised by AI-driven demand for Macs https://techcrunch.com/2026/04/30/apple-was-surprised-by-ai-driven-demand-for-macs/,1,1,2026-04-30
at://did:plc:yvy5ax23zpmoearxn6xsgqzf/app.bsky.feed.post/3mkqpt7iewk2y,2026-04-30 23:01:37.882000+00:00,"In case tonight marks the end of the Hawks season, I should say that the Locked On Hawks Podcast never sleeps. 52-week operation. We'll roll right into the offseason whenever the playoffs conclude. Subscribe, perhaps? 🎧 Apple: apple.co/3xGpUhr 🎧 YouTube: bit.ly/36j8r5f 🎧 Spotify: spoti.fi/3xKdEwd",0,9,2026-04-30
at://did:plc:jy7ubxdbebjkh6odfwjctl7p/app.bsky.feed.post/3mkpwypurn22u,2026-04-30 15:37:19.293000+00:00,Seven years ago Ady Balkan testified before Congress at the first ever Medicare for All hearing. ALS has taken his voice so he used a computer to speak today Ady‘s words echo louder than ever‼️HE DIED 2023 ‘ NOT GOING QUIETLY’ on Apple TV and Amazon,16,29,2026-04-30
at://did:plc:te3rqfjzvze355bnq5zpd7fx/app.bsky.feed.post/3mkqbxs4d2k2p,2026-04-30 18:53:39.242000+00:00,Sometimes Apple Music's Autoplay throws up the glorious stuff you never knew you needed... music.apple.com/gb/album/col...,0,3,2026-04-30
at://did:plc:qygwdigrb6hlucruymbjansz/app.bsky.feed.post/3mkpuxump222r,2026-04-30 15:01:03.232000+00:00,"Porsche Penske Motorsport will continue its partnership with Apple at this weekend's StubHub Monterey SportsCar Championship, with its pair of factory Porsche 963s to sport elements of a famous Porsche livery from more than 45 years ago.",5,32,2026-04-30
at://did:plc:527mjrrqfe2p3diyb35cnbn6/app.bsky.feed.post/3mkq6xsxmks2j,2026-04-30 17:59:58.911000+00:00,embarrassing I was sleeping on fiona apple for this long .,0,4,2026-04-30
at://did:plc:zi4kn3srgaymyj5f57k3wkph/app.bsky.feed.post/3mkpvw7ukpc2h,2026-04-30 15:18:01.658000+00:00,[ sonic heroes voice ] Testosterone Up! Only one Adam's Apple left!,2,14,2026-04-30
at://did:plc:bmmxdktsmsdklw5arywa36iw/app.bsky.feed.post/3mkpvyehg2k2e,2026-04-30 15:19:13.558000+00:00,"Not F1 related, but this Porsche livery for the IMSA race at Laguna Seca is another hit. Make race car liveries great again.",2,13,2026-04-30
at://did:plc:phpkua3gmiduqtazzzw6tyem/app.bsky.feed.post/3mkqouz6e2c2f,2026-04-30 22:44:44.630000+00:00,"My parents made mix tapes for me and taped movies off TV. When they got a CD-R drive, I began burning my own mix CDs. When Apple and DVD companies began trying to prevent me from ripping and burning my own legally-owned media, I vowed to never play by their rules ever again.",0,3,2026-04-30
at://did:plc:53c6iilzqmigkgryx3bsbye3/app.bsky.feed.post/3mkptnnfom22d,2026-04-30 14:37:26.374000+00:00,Now spinning - Revolver (Super Deluxe) via Apple Music.,0,12,2026-04-30
at://did:plc:ayzzpuhnufsaod7u5wewts3w/app.bsky.feed.post/3mkqqezll5s2g,2026-04-30 23:11:35.675000+00:00,"I like fake grape flavor tho. Fake strawberry, pineapple and apple are risk factors",0,1,2026-04-30
at://did:plc:7ycyvn2kuy2kwq77bjiedy3u/app.bsky.feed.post/3mkpwa4blok22,2026-04-30 15:23:33.434000+00:00,unprocessed food: an apple processed food: anything that requires cooking ultra-processed food: the result of your body processing food don't eat shit y'all,8,12,2026-04-30
at://did:plc:bnokmh46ndqelhgwhbspsxnv/app.bsky.feed.post/3mkprx7bj722l,2026-04-30 14:06:59.618000+00:00,"READY OR NOT 2: HERE I COME (2026) Streaming: May 5, 2026 PVOD (Apple, Amazon, Fandango at Home, etc.) #ReadyOrNot2HereICome whentostream.com/ready-or-not...",7,18,2026-04-30
at://did:plc:5dnlwqmwlychqsn4oz5y5u53/app.bsky.feed.post/3mkqi5wa4ck2w,2026-04-30 20:44:27.339000+00:00,"bone apple teeth, brother",0,1,2026-04-30
at://did:plc:24kemcifmahefhcsqko3vkto/app.bsky.feed.post/3mkq5nfnqrk2c,2026-04-30 17:36:15.669000+00:00,Closer to Fine - Sicko Unsatisfied - The Replacements What a Day That Was - David Byrne Kiss - Prince Jig of Life - Kate Bush Close to You - The Carpenters I Know - Fiona Apple Painkiller - Judas Priest Street Hassle - Lou Reed Flawless (Go To The City) - George Michael,1,13,2026-04-30
at://did:plc:qc2yusypa5njhkyt2iqminqu/app.bsky.feed.post/3mkqsih3ji22d,2026-04-30 23:49:17.975000+00:00,"Well, there is one other way for those who can't afford Apple TV. archive.org/details/wolf...",0,1,2026-04-30
at://did:plc:f2slikcsbkfco5ljsumm4too/app.bsky.feed.post/3mkqstjyn7k24,2026-04-30 23:55:30.127000+00:00,Serve it with some green apple slices or shred it on top if you're feeling fancy. Divine shit,0,3,2026-04-30
at://did:plc:m2srxc7yxo4caqkk5ovkstfk/app.bsky.feed.post/3mkpsualigk2a,2026-04-30 14:23:14.075000+00:00,I want to get into baking again I used to make the most delicious apple and cinnamon cake it was everything!!,0,12,2026-04-30
at://did:plc:43fdk46qa5gsokzygzildsaq/app.bsky.feed.post/3mkqmlapw4q22,2026-04-30 22:03:29.158371+00:00,"APPLE CFO: THE COMPANY IS ""FOLLOWING THE NORMAL PROCESS"" IN PURSUING TARIFF REFUNDS AND WILL REINVEST ANY RECOVERED AMOUNTS INTO ITS US ADVANCED MANUFACTURING PROGRAM.",0,2,2026-04-30
at://did:plc:oakdmhnvnnmwowhtmamvh4jl/app.bsky.feed.post/3mkqbjw3x3k2n,2026-04-30 18:45:53.663000+00:00,"I don't have anything Apple, I'll use my pillbox 💪",0,2,2026-04-30
at://did:plc:3k2fu5cereuj6mx4jnavvtyc/app.bsky.feed.post/3mkpzpwcc7k27,2026-04-30 16:26:05.189000+00:00,Shop update! Live now: - 7 new keychains - 6 new sticker sheets - 4 new stickers crowlines.net,41,105,2026-04-30
at://did:plc:y3c3s6he22rhfuf3nah7k2k4/app.bsky.feed.post/3mkphnneldk2g,2026-04-30 11:02:41.264000+00:00,"🍏INDUSTRIAL SETTINGS🍏 Puffa, August 2017. Exclusive contents: www.patreon.com/bramleyapple Explicit contents: www.deviantart.com/bramley-appl... Download for 1$ (FOR PERSONAL USE ONLY!!!): www.deviantart.com/bramley-apple #BramleyApple #portrait #fineartnude #artisticnudephoto",7,133,2026-04-30
at://did:plc:jocmv6e7a6mmnifb6lxne3tn/app.bsky.feed.post/3mkpq4bz5f222,2026-04-30 13:34:02.765000+00:00,would anyone be interested if i took comms for these lined chibis ive been doin? theyre perfect for toyhouse pagedolls! :D theyd probably be $50??,14,40,2026-04-30
at://did:plc:ku2b2opxtdlyvrgabwfgm2g2/app.bsky.feed.post/3mkqas5sxqk2u,2026-04-30 18:32:36.448000+00:00,"The Penske’s going with a throwback Apple livery. Honestly surprised RP would allow rainbows on his cars, but just shows even old buzzards are still money driven.",0,4,2026-04-30
at://did:plc:yveugjpk2gvvazp74ymaaxpr/app.bsky.feed.post/3mkqrc4jhjk2b,2026-04-30 23:27:51.830000+00:00,Incoming Apple CEO John Ternus Makes Wall Street Cameo With Words Of Wisdom From Tim Cook deadline.com/2026/04/appl...,0,1,2026-04-30
at://did:plc:a2qbcgmjontqmyzpf7srcocg/app.bsky.feed.post/3mkqhr3lm7k25,2026-04-30 20:37:16.751000+00:00,Due to my partner's dad getting a new phone I was able to get a new IPad on discount. The only bad news is I'll need to buy a new apple pencil and case on top of needed to pay rent.,0,8,2026-04-30
at://did:plc:b4eicqrguc4by4jxy5bns54h/app.bsky.feed.post/3mkqamqqefc2q,2026-04-30 18:29:34.959000+00:00,From 2017. Grandpa's photo of granddaughter and other kids reaching out to touch the dragon in the parade. #HumansOfBlueSky #ThrowbackThursday,0,17,2026-04-30
at://did:plc:rkbxona3xsbps636zoxjozr5/app.bsky.feed.post/3mkqe67ryok23,2026-04-30 19:33:02.395000+00:00,"They only gave me 3 words. Apple, peaches, pears. That was last month and I remember. I should be president I guess. Although I wanted to say apple, peaches, pumpkin pie. It made more sense! 😊",0,3,2026-04-30
at://did:plc:k4ikogaxoniqeqpxnsgdquid/app.bsky.feed.post/3mkpnjcpwqc2j,2026-04-30 12:47:38.510000+00:00,(Drinks the glowing green serum that turns you into a brute) mmm green apple…,4,20,2026-04-30
at://did:plc:scimftsmk4utfqxyhoflulqk/app.bsky.feed.post/3mkppklfcn22j,2026-04-30 13:24:08.636000+00:00,"It's ""bone apple teeth""",3,14,2026-04-30
at://did:plc:dyscqe63iolxcicyhpzpjfd4/app.bsky.feed.post/3mkq4qllfnk2r,2026-04-30 17:20:08.805000+00:00,"Dear new Apple CEO, You could do a lot worse than relaunch the iPod as a budget-friendly (under $400, you can do it! ) delivery system for serious music fans. Two T of storage, ability to play FLACs, real headphone jack. You have no idea the goodwill this would generate.",7,24,2026-04-30
at://did:plc:stc3pih43xqtcockjqjp4gvw/app.bsky.feed.post/3mkqmokqe422l,2026-04-30 22:05:20.676000+00:00,Everything is looking very green in the yard right now.,0,7,2026-04-30
at://did:plc:lp6n2gonsc5e5qo337vxzo2d/app.bsky.feed.post/3mkq4zs4m3s2e,2026-04-30 17:25:17.648000+00:00,also had a reminder of this drawing I did a few years ago maybe I should do more cute stuff like this,1,7,2026-04-30
at://did:plc:cntdjvjh4f7kmcb737w6mzna/app.bsky.feed.post/3mkqlrzlmms25,2026-04-30 21:49:23.175000+00:00,"Want to put a STOP to the MADNESS of Trump. Simple solution. Stop or cut back as much as you can doing buss. with:Amazon,Apple,HP, Oracle,Tesla,Meta,Micro soft,Xfinity,Verizon,Google, Kroger,WFoods, Albertsons,Ford,GM + other large firms funding Trump +the Repub. Every little bit hurts these comp.",1,3,2026-04-30
at://did:plc:geqcnils22z3p2gevo34javu/app.bsky.feed.post/3mkq2rp46b22w,2026-04-30 16:44:58.573000+00:00,5ft amuro... hes three apple tall...,0,2,2026-04-30
at://did:plc:p6ulqdef5t3mw5qcacjpw2kz/app.bsky.feed.post/3mkqlvmfac22e,2026-04-30 21:51:23.553000+00:00,Apple CEO: 640KB ought to be enough for anybody,0,4,2026-04-30
at://did:plc:zbwydoo4q6t6ssbo3klus6da/app.bsky.feed.post/3mkqg4lpros2t,2026-04-30 20:07:55.280000+00:00,the recent spotify shares thing also reminded me of Taylor changing reputation lyrics on apple music the night before the doc released. almost like she was getting people to move over to apple music. something about getting cursed like eve got bitten??,0,3,2026-04-30
at://did:plc:lhad4ex5zn3nxmxoli2tkvz4/app.bsky.feed.post/3mkqaspodwc2z,2026-04-30 18:32:55.167000+00:00,"The name for the purple robot is Hoku! While the names for the 4 Gem Invaders (enemies) are Apple, Blueberry, Kiwi and Lemon!",1,5,2026-04-30
at://did:plc:lh4r45zsdi3562nppkaoq3wr/app.bsky.feed.post/3mkpiqbmpus2l,2026-04-30 11:22:03.528000+00:00,From yesterday’s harvest. Apple Tartz and Super Boof.,1,6,2026-04-30
at://did:plc:azbub3jtzfm6mywgcyeapn3d/app.bsky.feed.post/3mkqachmops2z,2026-04-30 18:23:49.846000+00:00,Jackson 5 - The Love You Save Isaac said he kissed you beneath the apple tree When Ricky held your hand he felt electricity When Alexander called you he said he rang your chimes Christopher discovered you're way ahead of your time www.youtube.com/watch?v=OkuU...,0,3,2026-04-30
at://did:plc:bqslpcvatosdm7cstgyi7jt6/app.bsky.feed.post/3mkqa5ihdg22y,2026-04-30 18:21:02.961000+00:00,But luckily his child bride put an Apple tag inside,0,5,2026-04-30
at://did:plc:bfp7n6e2rpr3yo7gpqdr2tfw/app.bsky.feed.post/3mkqmgbhofs2r,2026-04-30 22:00:42.524000+00:00,"I do appreciate that apple wouldn't budge on carriers wanting to pre-install software on phones they sold, and being able to push more software OTA at any time, like they'd been used to with other devices. There was a reason the 1st iphone only worked on Cingular (AT&T sub brand) in the US.",0,3,2026-04-30
at://did:plc:xqkiaoombibne55nqnvl3kk5/app.bsky.feed.post/3mkqmutdazkj2,2026-04-30 22:08:40+00:00,🇹🇼 : - 旗文書局 - Apple II 電腦製圖 : https://archive.org/details/apple-ii-microcomputer-graphics-chinese 🇬🇧 : - Prentice Hall International - Applied assembly language on the BBC Microcomputer […] [Original post on oldbytes.space],0,2,2026-04-30
at://did:plc:37x5mqasnh5myqo2nk7yk5sb/app.bsky.feed.post/3mkpagcr4tc2n,2026-04-30 08:53:19.241000+00:00,"Today’s breakfast was an apple, an orange and a curly wurly for added health benefits.",0,14,2026-04-30
at://did:plc:22gi6mtrqe2wo7joz7yym7tp/app.bsky.feed.post/3mkprmbvx4226,2026-04-30 14:00:53.289000+00:00,"I'm also sick of the ""not enough Black people are over there"". Well give it another 20-30 years like IG and stuff has had, then let's compare apple trees to apple trees and not the tree to the seed. Just ridiculous comparisons",3,10,2026-04-30
at://did:plc:26mw43e3u74wx67lqiqscou3/app.bsky.feed.post/3mkqc3uujlk23,2026-04-30 18:55:56.350000+00:00,I wasted sooooooo many hours playing a pirated version of Sabotage off a 5.5 inch disc on my Apple 2e.,0,1,2026-04-30
at://did:plc:bqdtwrjvjqldbquxyezad735/app.bsky.feed.post/3mkq3fppaxk23,2026-04-30 16:56:10.286000+00:00,"As wild as it may seem now, it's entirely possible and perhaps *probable* that the iPhone still dominates John Ternus' tenure at Apple. At the same time, he's not going to get the leeway Cook did without at least a path to the Next Big Thing™.",1,8,2026-04-30
at://did:plc:vctmfwvzrpuebl7xnsnhqe3z/app.bsky.feed.post/3mkq4qelvck2r,2026-04-30 17:20:01.481000+00:00,It is unbelievable what talent Apple Records allowed to be squandered,0,2,2026-04-30
at://did:plc:qlgbibd5l53xk42xkh6oqxls/app.bsky.feed.post/3mkqe3n3k5s24,2026-04-30 19:31:35.676000+00:00,"Yeah, I know the scam has been making the rounds again. The weirdness is that the text notifications are showing up ONLY on my Apple Watch & not on the linked iPhone 😬 It feels creepy & like there’s been a hack or something of the Apple WatchOS 😬 Just got ANOTHER one 😬",0,2,2026-04-30
at://did:plc:px5sz5jn4cbunjoi766bt4bp/app.bsky.feed.post/3mkphcuxuas23,2026-04-30 10:56:40.311000+00:00,"the poet and the orchard. the pomme and the hip... the apple and the rose are sisters, few know how deep their secrets go",2,29,2026-04-30
at://did:plc:rcjhtxh5v4mwvrbezap3hixf/app.bsky.feed.post/3mkq3vjaitk23,2026-04-30 17:05:00.382000+00:00,dropping the apple card when pulling it out is a fun bit lol,0,2,2026-04-30
at://did:plc:mzadcjgccv253d35o7cajslf/app.bsky.feed.post/3mkqbwk26qc2f,2026-04-30 18:52:57.223000+00:00,"Something a little different than my usual. At work I have my own lab, and I decided to create some on theme art for it. I’m thinking about doing a series of three. Any thoughts? #art #artist #painting #pastel #softpastel #apple #pink #drawing #green #fruit",0,3,2026-04-30
at://did:plc:4stdfighficstk2bbi77rq7z/app.bsky.feed.post/3mkpvozdwx22o,2026-04-30 15:13:59.938000+00:00,he's my horsey and i will gently feed him an apple from my palm,0,3,2026-04-30
at://did:plc:3i6uzuatdyk7rwfkrybynf5j/app.bsky.feed.post/3mkppnsqfrs2n,2026-04-30 13:25:57.003000+00:00,Thank you everyone for the support ❤️ I'm still sending documents to Apple but it shouldn't be much longer until I have access to the Development Account 🙏,0,13,2026-04-30
at://did:plc:y3bat4xb5srtsrknt7twpvy5/app.bsky.feed.post/3mkq7b5wmre2o,2026-04-30 18:05:12.360194+00:00,"The ""first hypermedia PC"", the Tulip Universa took cues from the Classic Mac, but included features Apple never did - such as an IR remote, allowing users to view their photo CDs from the comfort of a chair up to about four yards away (six yards in even lighting). (Source.)",7,35,2026-04-30
at://did:plc:ygwdfo5ze3b5x2o742bwce47/app.bsky.feed.post/3mkpo4fv3tk2p,2026-04-30 12:58:19.359000+00:00,Apple and apricot,0,3,2026-04-30
at://did:plc:crq7qk3sfzxa77d3inr5dpcg/app.bsky.feed.post/3mkq5kenyhk23,2026-04-30 17:34:33.966000+00:00,"“There's never been a better time to develop for Apple platforms,” I violently sob, refreshing repeatedly in the hopes documentation could magically appear. Has any soul uttered this API’s name? Perhaps its implementer desired my anguish. Hell is a place on Earth, accessible via developer.apple.com",1,9,2026-04-30
at://did:plc:xopgsvjb6muvuujdedvplouq/app.bsky.feed.post/3mkqd2revw22h,2026-04-30 19:13:12.881000+00:00,Definitely try taking a shower while eating a apple to feel how a hungry sparrow would in a hurricane,0,1,2026-04-30
at://did:plc:b5zzcchchy44zipg6hb37ocz/app.bsky.feed.post/3mkpyncdx5k2u,2026-04-30 16:06:43.493000+00:00,Final day to grab early bird tickets for the July 20-24 run of Apple of Discord! www.universe.com/events/apple...,0,1,2026-04-30
at://did:plc:2n4iu4hqkrrbuclvdzjk4jbn/app.bsky.feed.post/3mkpwuyi7t22h,2026-04-30 15:35:14.101000+00:00,"So AI is properly existential for Meta, Alphabet, and likely Amazon (if you look at capex as share of operating income and think about its lack of opex flex). Not clear it's quite the same for Microsoft, and definitely not for Apple. It may be that they'll continue to trade as a basket but, well...",0,16,2026-04-30
at://did:plc:54h2daa3xiajcygoz6s4c3tt/app.bsky.feed.post/3mkqglmigbs2i,2026-04-30 20:16:19.397000+00:00,Meet a heroine worthy of Gini Koch’s “Kitty” Katt and a mystery that will keep you guessing @ginikoch.bsky.social @bebebayliss.bsky.social Amazon: www.amazon.com/dp/B0CTCKDF42 B&N: www.barnesandnoble.com/w/falls-girl... Apple: books.apple.com/us/book/fall... Kobo: www.kobo.com/us/en/ebook/...,1,3,2026-04-30
at://did:plc:ixnzo5zc25rjti6r4legfwko/app.bsky.feed.post/3mkq75xrjrc2r,2026-04-30 18:03:25.269000+00:00,"Some good discussions at last evening’s presentation on our research on Headphone Distortion st @rtings.com.web.brid.gy at the San Francisco AES meeting in Cupertino. There were audio /headphone engineers from Apple, Meta, Google in the audience because they work nearby.",0,4,2026-04-30
at://did:plc:gxirbg25py5t2vbotu5lahf2/app.bsky.feed.post/3mkqblff6w22p,2026-04-30 18:46:43.248000+00:00,"Love Will Tear Us Apart - Joy Division Got To Get You Off My Mind - Solomon Burke Shadowboxer - Fiona Apple Un Verano En Nueva York - El Gran Combo Electric Relaxation - A Tribe Called Quest Ring, Ring, Ring - De La Soul One Beer - MF Doom Moonage Daydream - David Bowie De-Luxe - Lush Wish - NIN",0,5,2026-04-30
at://did:plc:43fdk46qa5gsokzygzildsaq/app.bsky.feed.post/3mkqhgfe3rz2g,2026-04-30 20:31:17.486950+00:00,$AAPL - APPLE CEO TIM COOK SAYS IPHONE FACED SUPPLY CONSTRAINTS OF ADVANCED NODE CHIPS: REUTERS INTERVIEW,0,2,2026-04-30
at://did:plc:6ad7t5p2yoc7u7nyvod47rzk/app.bsky.feed.post/3mkpt7i7jbc2x,2026-04-30 14:29:31.169000+00:00,I am at an apple pie factory on the side of the highway. No kids. There is a petting zoo. ALL THE ADULTS ARE VISITING THE PETTING ZOO. I AM VISITING THE PETTING ZOO.,0,12,2026-04-30
at://did:plc:n5epqyr476ldiu5aywhtnjul/app.bsky.feed.post/3mkq2u7asmk2z,2026-04-30 16:46:22.610000+00:00,I once opened a bottle of apple juice I'd kept too long. I don't know how far the stopper flew but the apple juice hit the ceiling,0,2,2026-04-30
at://did:plc:ntjm7fk4jsphyv5vgyavsna6/app.bsky.feed.post/3mkqlfvvijs26,2026-04-30 21:42:36.652000+00:00,if my father was mortified to learn i related to jennifer more than needy *imagine* the damage he'd incur knowing i relate to apple more than pumpkin.,0,5,2026-04-30
at://did:plc:kjsl6b5t5klf5cbtnkyxq3ar/app.bsky.feed.post/3mkpg6phjac25,2026-04-30 10:36:26.573000+00:00,also not to brag but I literally don't have an Adams apple and I think that's pretty cool,0,29,2026-04-30
at://did:plc:fh3desnvmkeh5imsj4sgs2tl/app.bsky.feed.post/3mkpzxwijxk2b,2026-04-30 16:30:33.903000+00:00,“The length of time you have had an Apple account was used to confirm you are 18+.” 😀 А аз бях подготвила лична и кредитна карта. 😂,0,8,2026-04-30
at://did:plc:rii7zpyznf7mlle643p7v3bn/app.bsky.feed.post/3mkpofdexik2p,2026-04-30 13:03:18.721000+00:00,Simple supper of 🌱 Impossible sausage with split peas and butternut squash biscuits. Apple butter really took the biscuits to the next level. Yum #veganfood #vegandinner,0,17,2026-04-30
at://did:plc:73aicoale2mqwrap63rdzwep/app.bsky.feed.post/3mkprwfqfqc2y,2026-04-30 14:06:32.845000+00:00,"I was on the Infinite Loops podcast! ➿ We talked about global health, medical innovation, bottlenecks to medical progress, science journalism, and why I started writing! Spotify open.spotify.com/episode/2myI... Apple podcasts.apple.com/gb/podcast/s... YouTube youtu.be/mcJDfFgOV_s?...",2,23,2026-04-30
at://did:plc:3am7ou3yushm5444fpg4kogs/app.bsky.feed.post/3mkpktrrbhn2r,2026-04-30 11:59:48+00:00,"Citrus fruits are a kind of berry called a hesperidium (referencing Hera’s Golden Apple of the Hesperides). The segments = carpels, multiplied through selection. Juice sacs = trichomes (hairs) on the interior of the ovary. 📷: blackeiffel CCBYNC2 #Citrus #Rutaceae #Botany 🌾🧪🌱 1/2",22,83,2026-04-30
at://did:plc:z3llw7qj6m3assvbjzwpzclw/app.bsky.feed.post/3mkpnyfj4r22z,2026-04-30 12:56:04.744000+00:00,Gmax Flapple and Appletun #pokemon #pokemonbeedee,0,12,2026-04-30
at://did:plc:znqqgzn2xtxdpaashgk7qu5x/app.bsky.feed.post/3mkpjhfzfvc23,2026-04-30 11:34:59.889000+00:00,Flower of the Day - More of our apple blossoms and an excited bee 🐝 for #InsectThursday,2,15,2026-04-30
at://did:plc:gj6unzqnisqv33hfe5sqarsk/app.bsky.feed.post/3mkputqhyok2e,2026-04-30 14:58:44.666000+00:00,"Just another reminder that tinkerdifferent.com is the premiere forum for discussion of topics of interest to not only vintage Macintosh and Apple II computers, but dozens of other computing platforms. Sign up today!",1,6,2026-04-30
at://did:plc:bfqzv3xauiyuua6esfbhfmto/app.bsky.feed.post/3mkq2w7wg5s2e,2026-04-30 16:47:30.427000+00:00,Aye. That was exactly what this morning was looking for. Next up: some house chores then off to the club to have a chat with an online client and get my own lift in! 💪✨💜,0,16,2026-04-30
at://did:plc:otdjt7vcfqhxi7hgaxe4csax/app.bsky.feed.post/3mkpnhrvshc2x,2026-04-30 12:46:47.322000+00:00,Put the money into IBM and Apple stock #longgame,0,12,2026-04-30
at://did:plc:nq5kfrutmaqye6p4jjpns62i/app.bsky.feed.post/3mkqef6exas2m,2026-04-30 19:36:55.799000+00:00,What I did this week instead of finishing my novel: -wrote 20k of “what if I give them MORE problems in the middle” -took dramatic self portrait in my kitchen while the kettle was steaming -smelled apple blossoms -enjoyed Lincoln Drive -🌶🌶 for the vibes What I didn’t do: -write an ending #amWriting,0,5,2026-04-30
at://did:plc:54kh56oq3apqakeseblz4ruq/app.bsky.feed.post/3mkqktp2gbo26,2026-04-30 21:32:25.836000+00:00,"But when both things are (say) films, it's all in the same category. Loads of unrelated films have the same title. (Apple is also funny as they got into the music business when they weren't supposed to use the name there, heh.)",0,1,2026-04-30
at://did:plc:ald66kfkgpyg3626ogdzzpjz/app.bsky.feed.post/3mkqiswdvdc2k,2026-04-30 20:56:12.104000+00:00,"This episode ft. Genki Kawamura's #liminal psychological #horror film, Exit 8 (2025). Hosted by @indiejeannie.com + @atmanrising.bsky.social, EVIL*ASTERISK #podcast is on YouTube, Spotify, Apple, Amazon, Audible + more! #indie #indiefilm #moviereview #filmreview #horrorfilm #indiemovie #horrormovie",5,8,2026-04-30
at://did:plc:eyaekbnxa3qz6qmfwalvpkb5/app.bsky.feed.post/3mkq6qghktc2z,2026-04-30 17:55:50.921000+00:00,"hell yeah big up the Teto fans in Peru who specifically listen on Apple Music, I see you",0,5,2026-04-30
at://did:plc:52q6j3qwbuidlgyslsfbohcm/app.bsky.feed.post/3mkp7bkx2nk2u,2026-04-30 08:32:46.309000+00:00,🍎 Footage not shown on the livestream… (They both used the muscles they’re most proud of to split the apple…) #phaidei,31,80,2026-04-30
at://did:plc:oy6oecqglxirdgdefyyxm66v/app.bsky.feed.post/3mkqf3fxhis2q,2026-04-30 19:49:21.944000+00:00,"The ""apple juice"" incident from 2026. Richard Speight Jr and Ruth Connell at JIB16 in Rome, April 2026. #RichardSpeightJr #RuthConnell #JusInBello #JIB16 #Supernatural #SPN #NotAppleJuice",2,10,2026-04-30
at://did:plc:gbye6kw5wlaaa2kaocnqswm3/app.bsky.feed.post/3mkpyedp7sk23,2026-04-30 16:01:42.921000+00:00,"@pezzos.app officially made its first revenue today (came in a while ago, but just landed in the bank) #indiedev #ios",1,6,2026-04-30
at://did:plc:chye4ntj627z3le3dmqsc6dz/app.bsky.feed.post/3mkq2pqhdxk2p,2026-04-30 16:43:52.879000+00:00,apple music premiere,0,2,2026-04-30
at://did:plc:g3ngjc73mdoqxz4dltkgezf7/app.bsky.feed.post/3mkpmvt3bhc2g,2026-04-30 12:36:44.569000+00:00,(e33 spoilers) (wip) she's not even one apple tall....... I still need to adjust colours + do painted clea,7,29,2026-04-30
at://did:plc:nwlagbosbjswcd2vawv7fn3z/app.bsky.feed.post/3mkqapqnch226,2026-04-30 18:31:15.525000+00:00,"Ffs, Me and my big mouth, it was the Thatchers Juicy Apple Cider what done it😂😂😂",0,2,2026-04-30
at://did:plc:v2e75i3k55nzt546uf34fgzg/app.bsky.feed.post/3mkpgukdyd22g,2026-04-30 10:48:39.407000+00:00,"Today’s Coffee Across Canada: birthday edition (happy birthday mommy!) is Java Factory’s Caramel Apple. This one is easily one of all of our favourites, very apple-y and caramel-y. We all give it an A+.",0,6,2026-04-30
at://did:plc:wxtrpv7s7nbliwtttlr7wxal/app.bsky.feed.post/3mkq7tsi2gc26,2026-04-30 18:15:37.926000+00:00,Pre-add our new EP on Apple Music now ✌️😎 #newmusic #musicsky,0,1,2026-04-30
at://did:plc:fhwwhiw47p44e4cur4473oh7/app.bsky.feed.post/3mkpzfjcwjs26,2026-04-30 16:20:16.105000+00:00,asked the kid if she wanted a login for the site and the apple barely fell from the tree with this one,0,2,2026-04-30
at://did:plc:v6xd7qcm4tsgb4ndo547vh4n/app.bsky.feed.post/3mkqeesp5dk22,2026-04-30 19:36:43.549000+00:00,Drafting the most disappointing players of the playoffs so far YouTube 📺: bit.ly/4uoUIjo Apple 🍎: apple.co/3CUsJOD Spotify ✳️: bit.ly/44kso6Y,0,6,2026-04-30
at://did:plc:zq5bfggbq3lmhkdqm3xnx6s5/app.bsky.feed.post/3mkpyizeuec2r,2026-04-30 16:04:19.868000+00:00,"Underappreciated 70 UK funk band. Originally signed to Apple (!), they pivoted to disco and crushed it: Every 1's a Winner, You Sexy Thing, and this groover www.youtube.com/watch?v=t5G_...",0,7,2026-04-30
at://did:plc:ptawmsn4ukuhmwctrwjbnohy/app.bsky.feed.post/3mkqivlz24s2x,2026-04-30 20:57:41.927000+00:00,We absolutely could be paying down our national debt if we just taxed corporations appropriately Apple just announced they have so much cash. They don't know what to do and they're spending another $100 billion buying their own stock,1,9,2026-04-30
at://did:plc:y3c3s6he22rhfuf3nah7k2k4/app.bsky.feed.post/3mkphm2vlnk2g,2026-04-30 11:01:48.327000+00:00,"🍏INDUSTRIAL SETTINGS🍏 Puffa, August 2017. Exclusive contents: www.patreon.com/bramleyapple Explicit contents: www.deviantart.com/bramley-appl... Download for 1$ (FOR PERSONAL USE ONLY!!!): www.deviantart.com/bramley-apple #BramleyApple #portrait #fineartnude #artisticnudephoto",5,73,2026-04-30
at://did:plc:kmxft4hvpobh5y6kkeafala3/app.bsky.feed.post/3mkqmsmkthk2l,2026-04-30 22:07:36.814000+00:00,"For $10, this backup off-brand apple pencil works well enough. No pressure sensitivity, but I will survive. #Illustration #Drawing #Art",0,3,2026-04-30
at://did:plc:ckobtcqycfki5aupqhjlzlpd/app.bsky.feed.post/3mkohxdi6f22o,2026-04-30 01:35:26.876000+00:00,Apple Tree 🍎 #indiedev #indiegame #gamedev Follow us on Kickstarter! www.kickstarter.com/projects/cup...,3,20,2026-04-30
at://did:plc:54h2daa3xiajcygoz6s4c3tt/app.bsky.feed.post/3mkpyjhnuf22i,2026-04-30 16:04:34.842000+00:00,The long-awaited book 17 of the alien series by Gini Koch is available now! Get your copy today! @ginikoch.bsky.social Amazon: www.amazon.com/dp/B0G62KZGLC B&N: www.barnesandnoble.com/w/aliens-lik... Apple: books.apple.com/us/book/alie... Kobo: www.kobo.com/us/en/ebook/...,1,3,2026-04-30
at://did:plc:ywvwurjlgzq46uyxezieo2wu/app.bsky.feed.post/3mkq44qyehc2n,2026-04-30 17:09:03.385000+00:00,"New Pork City, The Pig Apple, the Five Boar-oughs, things of this nature.",0,2,2026-04-30
at://did:plc:lraekf2qeri6d4aai2mljla2/app.bsky.feed.post/3mkoocs66ps2u,2026-04-30 03:29:13.828000+00:00,"(sigh) You're not wrong. Every time I've gone looking for help regarding Linux issues I rarely get treated as anything other than a burden, and you will stop most Windows and Apple users cold when you insist they learn to use the terminal ...",4,75,2026-04-30
at://did:plc:6ad7t5p2yoc7u7nyvod47rzk/app.bsky.feed.post/3mkptrjn5h225,2026-04-30 14:39:36.645000+00:00,"Back on the road! I got local non alcoholic cider, local cheese curds, and an apple strudel that was baked here",0,4,2026-04-30
at://did:plc:6trrqcvrpocdlgmvh6amf53v/app.bsky.feed.post/3mkpw5zjbes22,2026-04-30 15:22:23.431000+00:00,Generally: 1. Grape 2. Lime and pear 3. Apple 4. Caviar lime and hibiscus flower They all have some version of vanilla/cinnamon/spices or passiflore extract. 1 and 3 aren’t particularly bitter. A mix of whatever was left is now steeping with lavender flower. We’ll see how that goes.,0,5,2026-04-30
at://did:plc:46vxwwtigmxatcykkhh5kgoy/app.bsky.feed.post/3mkpyeme4yn25,2026-04-30 16:01:51.747000+00:00,"Trump marks his territory in gold A brand NEW episode of #HIGNFYE is out NOW covering the news of the week. Link in bio! Don’t miss an episode! Follow us on Apple, Amazon Music or wherever you get your podcasts. Even better watch the vodcast on Spotify or on the Have I Got News For You YouTube.",1,6,2026-04-30
at://did:plc:lcnabjaorqp6hlb2webymq2j/app.bsky.feed.post/3mkq6aeovbc2v,2026-04-30 17:46:52.193000+00:00,"Sometimes learning begins with simply listening. Listen to the full episode streaming now on our website, Apple Podcasts, Spotify. Or read along with our transcription on wordsandculture.buzzsprout.com/2302631/epis....",1,2,2026-04-30
at://did:plc:ypteldnsw5ksmntr2b7mcecm/app.bsky.feed.post/3mkplhr36kc2v,2026-04-30 12:10:58.966000+00:00,"No this was Don’t Wake Daddy, they were playing it in a new Apple TV show I was watching and couldn’t stop laughing",0,1,2026-04-30
at://did:plc:nmsfvq6bmeezcnde3ascy5xi/app.bsky.feed.post/3mkq3bavlhs2o,2026-04-30 16:53:40.547000+00:00,"Dropped my fucking apple pencil tip-down on the floor and it bent to hell, so I am, unable to sketch away from home until I can get more replacement tips",0,2,2026-04-30
at://did:plc:bpw2zhvxzdnvrzy2sdl4lwml/app.bsky.feed.post/3mkouk2yc3s2d,2026-04-30 05:20:40.391000+00:00,I caught an apple bitches.,0,22,2026-04-30
at://did:plc:5ydsmxkedpfc4eeu2e5re6wu/app.bsky.feed.post/3mkpgviaugs2z,2026-04-30 10:49:10.768000+00:00,"Blocking is like taking out the trash. I'm pretty sure that moldy apple would protest too that it can't sit in my apartment anymore, but it's not like that's my issue. Don't be moldy then, idiot. The great thing about the Internet is you can curate your own experience, so block away.",0,7,2026-04-30
at://did:plc:vvv7muszb476yuhfgscnbmas/app.bsky.feed.post/3mkqaggwxoc2n,2026-04-30 18:26:03.365000+00:00,"From 2022 (updated for 2026): Floating timelines in comics, from Superman (and Superboy) to Marvel's ""Siancong War"" to the changing Apple models in the long-running comic strip ""FoxTrot."" www.diversetechgeek.com/floating-tim... #continuity #comics #ThrowbackThursday",3,3,2026-04-30
at://did:plc:on7idxsgxxgrtu6kmh5tufze/app.bsky.feed.post/3mkqh5gljlc2h,2026-04-30 20:26:17.190000+00:00,"Thank you to everyone's contributions to our picnic! The Cottagers really like macaroni salad & ham! We've also got a Pickles-themed energy drink, pumpkin pie, bubble tea, onigiri, a burnt apple pie, bacon-wrapped asparagus, ants on logs, fruit punch, & Spanish potato omelette!",0,5,2026-04-30
at://did:plc:6fpnypfzaavom45wm7syq4g6/app.bsky.feed.post/3mkoolgfmzk2k,2026-04-30 03:34:03.478000+00:00,"anyway there's a nature doc series on Apple TV called ""Tiny World"" that's narrated by Paul Rudd and it's a lot of footage of teeny tiny little critters trying to do their best, watching a lizard scurry around on a sleeping lion's back trying to catch flies, I love this shit",1,36,2026-04-30
at://did:plc:pwx36cavawd72ymqujucpmdg/app.bsky.feed.post/3mkpvktjrnk2h,2026-04-30 15:11:39.623000+00:00,"posted an apple music link and a spotify link to my instagram story in the span of 24 hours, how gauche!!",0,3,2026-04-30
at://did:plc:54h2daa3xiajcygoz6s4c3tt/app.bsky.feed.post/3mkpyt6k54c2i,2026-04-30 16:10:00.826000+00:00,Meet a heroine worthy of Gini Koch’s “Kitty” Katt and a mystery that will keep you guessing @ginikoch.bsky.social @bebebayliss.bsky.social Amazon: www.amazon.com/dp/B0CTCKDF42 B&N: www.barnesandnoble.com/w/falls-girl... Apple: books.apple.com/us/book/fall... Kobo: www.kobo.com/us/en/ebook/...,1,3,2026-04-30
at://did:plc:7uwclvzhcsijfb53borpsfbu/app.bsky.feed.post/3mkpjfmycl22o,2026-04-30 11:34:00.081000+00:00,What do you mean this is only available with two tracks on Apple Music? What in the hate crime?,0,8,2026-04-30
at://did:plc:5du3n4dakgzv5l3jar2jrqxy/app.bsky.feed.post/3mkpscoguos2n,2026-04-30 14:13:24.621000+00:00,"Out now: Misled Convoy's The Beings is a multi-generational collaboration with ambient artist Ludus, first performed live at the final Splore Festival Bandcamp bit.ly/4w1Od7E Spotify bit.ly/4eCrCbF Apple apple.co/4eNw2MI Youtube: www.youtube.com/watch?v=BID1... Others fanlink.tv/thebeings",0,1,2026-04-30
at://did:plc:hai2tw2rv22fscb2ehnaqcff/app.bsky.feed.post/3mkoubdquis2x,2026-04-30 05:15:47.608000+00:00,I just signed back up for Apple News+ almost exclusively for the crossword puzzles and I can’t wait to go camping this weekend to listen to and read books I’ve aged 2 decades in the last 2 years…,1,25,2026-04-30
at://did:plc:sf27gk54rw3ipmsk2ug3indw/app.bsky.feed.post/3mkp4mlcilk2c,2026-04-30 07:45:14.558000+00:00,Meine eltern haben 27 apple geräte aber der einzige mehrfachstecker den sie mir anbieten können ist eine kabeltrommel,0,3,2026-04-30
at://did:plc:muhesxre7yfcuqi5ss2fskjc/app.bsky.feed.post/3mkou2di76k2j,2026-04-30 05:11:52.443000+00:00,They made me say that for apple sauce,0,43,2026-04-30
at://did:plc:vsm6nrhet4zwarswzoss4jnj/app.bsky.feed.post/3mkofek54p22n,2026-04-30 00:49:08.836000+00:00,if rori and i combined we would be an apple flavored moon called sylvori,1,20,2026-04-30
at://did:plc:3bnlr2j4womjtjolzcox25eu/app.bsky.feed.post/3mkqajzt5ek2o,2026-04-30 18:28:03.826000+00:00,"Maybe now the superfans will admit the screen is actually flimsier than any other ereader, which they routinely denied before (like Apple fans in this respect — you’re wearing your watch wrong! you’re holding your phone wrong!)",0,4,2026-04-30
at://did:plc:dxgenoygry5gwpj66urda6xo/app.bsky.feed.post/3mkptzjngrc2x,2026-04-30 14:44:05.088000+00:00,🍎 𝐖𝐡𝐨'𝐬 𝐓𝐚𝐤𝐢𝐧𝐠 𝐎𝐯𝐞𝐫 𝐀𝐩𝐩𝐥𝐞 𝐀𝐟𝐭𝐞𝐫 𝐓𝐢𝐦 𝐂𝐨𝐨𝐤? #timcook #appl #appleceo #johnternus www.youtube.com/watch?v=_tKK...,0,1,2026-04-30
at://did:plc:qkp5573mwfbuapza6qkwal2t/app.bsky.feed.post/3mkppursiq22z,2026-04-30 13:29:50.905000+00:00,"Which is why so many modern CPUs spend an inordinate amount of complexity just on clever ways to turn entire chunks of circuitry off when they’re not needed. That was the big reason Apple bought PA Semi, IIRC; they had some very good dynamic power management mechanisms for their mobile CPUs.",0,5,2026-04-30
at://did:plc:54h2daa3xiajcygoz6s4c3tt/app.bsky.feed.post/3mkpywryyhk2i,2026-04-30 16:12:01.897000+00:00,"Watch fire fly as two sorcerers get into a fight over a djinn, who’s smarter than both of them combined. @jeanmarieward.bsky.social Amazon: www.amazon.com/Burning-Down... B&N: www.barnesandnoble.com/w/burning-do... Apple: books.apple.com/us/book/burn... Kobo: www.kobo.com/us/en/ebook/...",0,2,2026-04-30
at://did:plc:kio5ffqovakoioxtxbuat6mr/app.bsky.feed.post/3mkqib367ww2k,2026-04-30 20:46:12.733062+00:00,$AAPL Apple Q2 FY26 (March quarter): 📱 Products +17% Y/Y to $80.2B. 💳 Services +16% Y/Y to $31.0B. • Revenue +17% Y/Y to $111.2B ($1.6B beat). • Operating margin 32% (+1pp Y/Y). • EPS $2.01 ($0.07 beat).,0,3,2026-04-30
at://did:plc:yk6duef2xk5cclfjbsfjtnxq/app.bsky.feed.post/3mkpesb3hks2q,2026-04-30 10:11:35.102000+00:00,"Need reminders, pet? Download the Self Care Vampire game on Android: selfcarevampire.sng.link/D4n44/mggox Or Apple: testflight.apple.com/join/B7pEr4r5",4,9,2026-04-30
at://did:plc:mbwy6hxziajbjtalfitt6cvv/app.bsky.feed.post/3mkpowdeoek23,2026-04-30 13:12:49.139000+00:00,The apple doesn’t fall far from the tree 😜💦,0,0,2026-04-30
at://did:plc:c4z4cejr3mvpun6zliyqyzhk/app.bsky.feed.post/3mkpl4lh4lk2j,2026-04-30 12:04:43.966000+00:00,"ok so off the top of my head some ones that might work are soft hands, michigan, apple farmer, slapshot, grinder, pigeon, duster and crease",0,9,2026-04-30
at://did:plc:n72kkqngi5s3r4aketewpme2/app.bsky.feed.post/3mkpexm6rjk2r,2026-04-30 10:14:34.518000+00:00,Unofficial open source Notepad++ code editor build arrives for macOS www.powerpage.org/unofficial-o... #Apple #developer #unofficial #Notepad #texteditor #macOS #API #Windows #Microsoft #NotepadPlusPlus #opensource,0,3,2026-04-30
at://did:plc:6pmuptlhuudilrjzootkhayr/app.bsky.feed.post/3mkp5df7r7c2i,2026-04-30 07:57:59.928000+00:00,"Thank you for a wonderful day at @slcuplants.bsky.social - what a fantastic institute and community in a town buzzing with scientific energy both historic and modern. A special shout-out to my amazing host, friend and role model Edwige Moyroud (may the apple fall on our head as well)",1,23,2026-04-30
at://did:plc:by532epxrulukulnk2mn4ws5/app.bsky.feed.post/3mkpgexdnyk2l,2026-04-30 10:39:56.161000+00:00,Old apple tree plays supportive host for the Clematis. #photography #gardening,0,8,2026-04-30
at://did:plc:r3hl5udsbhenyneix6nnydod/app.bsky.feed.post/3mkqe3ivdac22,2026-04-30 19:31:31.278000+00:00,"Not really. CocoaPods are FINALLY being retired in favor of Apple's Swift Package Manager, but that leaves anyone doing Obj-C development (or supporting a legacy app) out in the cold. To be fair, that's been happening throughout the Apple ecosystem for the past decade as Swift has supplanted Obj-C.",0,1,2026-04-30
at://did:plc:52igbiuacjfb7rdrik55vmeg/app.bsky.feed.post/3mkpw66usn225,2026-04-30 15:22:29.053000+00:00,Fuck all of these companies and throw in Apple and Spotify too,1,2,2026-04-30
at://did:plc:cfzfkqutgogrdu5f3ct5jxyq/app.bsky.feed.post/3mkovlu4j722n,2026-04-30 05:39:34.053000+00:00,"I’m very insecure about my taste in music, but fuck it, we ball. 1. Oh Well - Fiona Apple I could pick two dozen different Fiona Apple songs and they’d all be correct, but this is the one I turn to most in righteous anger.",0,10,2026-04-30
at://did:plc:5jcaebuov4w4tijc2sjp46al/app.bsky.feed.post/3mkoocc2hs22r,2026-04-30 03:28:56.929000+00:00,apple 🤤,0,15,2026-04-30
at://did:plc:itvwb4pxyizvy724ph3cd4nv/app.bsky.feed.post/3mkqpgdxsfk2g,2026-04-30 22:54:26.364000+00:00,"For those of you out there who find this kind of thing interesting: Here's comparison of the first generation MacBook Air (1.6GHz Intel Core Duo, 13"" screen, 2GB/120GB) with the latest MacBook Air (10 core Apple M5, 15"" screen, 16GB/1TB).",0,2,2026-04-30
at://did:plc:6f62ahnf7rlp7vq4atarvery/app.bsky.feed.post/3mkpnhbn2fc27,2026-04-30 12:46:30.257000+00:00,#Minnie Keychain 🛍️ www.zazzle.com/minnie_keych... . . . . . #cute #baddie #color #pretty #girly #aesthetic #cool #happy #case #iphone #laptop #pillows #mug #samsung #ipad #bag #home #decor #love #lovely #clothes #passion #design #macbook #apple,0,2,2026-04-30
at://did:plc:ybbiy4w7zkngubrwarzizgv6/app.bsky.feed.post/3mkose7vrfc2j,2026-04-30 04:41:36.752000+00:00,"For the final prompt for #repostyourart!!!!!!!!!! What a lovely month it has been - thank you to everyone who participated!! Prompt is ""whimsical"".",91,364,2026-04-30
at://did:plc:e2edruynwbmxcx5cyqzrihei/app.bsky.feed.post/3mkqelau7rs27,2026-04-30 19:40:19.711000+00:00,"CHECK OUT MY LATEST-------->SNV Special Interview: The International Organizer On Student Walkouts, Repression: On YouTube: youtu.be/EGsULCMflKE?... On SoundCloud: soundcloud.com/socialistnew... On Apple: podcasts.apple.com/us/podcast/s... On Podchaser: www.podchaser.com/podcasts/soc...",0,1,2026-04-30
at://did:plc:6hyreanhalpev6wrfx7e7xb6/app.bsky.feed.post/3mkpghbqbok2w,2026-04-30 10:41:14.142000+00:00,"#WIPSnips - ""Write"" From The Wings of Ashtaroth today! Kirin Kirinning . . . . books2read.com/u/49dn8Y steve-westenra.itch.io/the-wings-of... #Booksky #Indiefantasy #epicfantasy",4,34,2026-04-30
at://did:plc:rrfui7nbcs77soe3bhc5qcky/app.bsky.feed.post/3mkq7tcvo6k2x,2026-04-30 18:15:21.584000+00:00,Freddie old Mookie old and doesn't have his special apple watch Shohei putting down the bat to focus on a cy young Pages and Rushing cooling down Tucker bordering on being a bust,0,1,2026-04-30
at://did:plc:j3td73eqjv663evutvhajnv7/app.bsky.feed.post/3mkq2io6sp22k,2026-04-30 16:39:55.621000+00:00,Robotgirl dom with apple autocorrect on her speech who calls you “slur” instead of “slut” one night and gets really really embarrassed and sorry,0,6,2026-04-30
at://did:plc:kdp3vbrwchgb4eu7zusf45fd/app.bsky.feed.post/3mkpntxuevs2y,2026-04-30 12:53:36.218000+00:00,This week’s episode we chat… - Sony Responds to PS5 DRM Drama - Xbox Re-Evaluates Exclusives - We’ve been playing a lot of SAROS and so much more! Check a look! Apple: tinyurl.com/mth9e9pj Spotify: tinyurl.com/muw9w47p YT: tinyurl.com/w6c96jzy,3,6,2026-04-30
at://did:plc:huexbk2jkvhqj4vobivtqn3i/app.bsky.feed.post/3mkqicqgqj22b,2026-04-30 20:47:09.037000+00:00,"how tf are you supposed to check out new shit in apple music without it counting towards the algorithm?? buddy if i didn’t make it thru more than 50% of the song, i didn’t like it. if i skipped half the album tracks, do not fucking suggest it. throw that fish back, fucking idiot.",0,4,2026-04-30
at://did:plc:6r63kvsubfkl5arpdzkutc5z/app.bsky.feed.post/3mkqcqvns4c24,2026-04-30 19:07:41.822000+00:00,"Jimmy Lai receives DW Freedom of Speech Award 2026 DW has awarded its 12th Freedom of Speech Award to Jimmy Lai. A prominent advocate for press freedom & democracy in Hongkong, the founder of the Apple Daily newspaper has been detained in solitary corporate.dw.com/en/jimmy-lai...",0,1,2026-04-30
at://did:plc:jj5rig4zoeycn25ej5jvh4x3/app.bsky.feed.post/3mkpba3rs4k2k,2026-04-30 09:07:44.339000+00:00,"Wah successfully scored a *whole* apple,and eats so politely! 🥰🍎🥰",0,2,2026-04-30
at://did:plc:kggqrxis5ncwxefixlwns6d3/app.bsky.feed.post/3mkpnz3ddjs2y,2026-04-30 12:56:27.627000+00:00,Tetris® is officially part of Retrocade Play the iconic puzzle game front and center on Apple Vision Pro — now alongside 12 legendary arcade titles. Plus: step into a fully immersive 1980s Japanese arcade Retrocade just leveled up. #Tetris #AppleVisionPro #RetroGaming #AppleArcade,2,5,2026-04-30
at://did:plc:dac7t2xrcbekbxwttqs6nr2e/app.bsky.feed.post/3mkpvofqook26,2026-04-30 15:13:39.386000+00:00,"Europeans and Japanese understand the fundamentals of good food, and that it all begins with the ingredients. Industrialized farming is what has killed American food culture. When I eat a tomato, a carrot or an apple in Italy or Japan, I can actually taste it!",0,2,2026-04-30
at://did:plc:ncxuo2hvd63s6udxvgmhtmwc/app.bsky.feed.post/3mkp2g3quyk2u,2026-04-30 07:05:49.441000+00:00,Hungry? Have an apple #art #rkgk,0,5,2026-04-30
at://did:plc:xutiallhqatm5gtoinxcpvwl/app.bsky.feed.post/3mkpmq2hhnk2p,2026-04-30 12:33:30.982000+00:00,More in the newest wartime Independent Americans with Paul Rieckhoff. And the latest in my Meet The Independent Candidate series. 📱💻YouTube: youtube.com/@independent... 🍎Apple: www.GoIndy.us 🎙️🚨🇺🇸🐺🗳️,1,6,2026-04-30
at://did:plc:duq63aydlz35vrdymnrsruvo/app.bsky.feed.post/3mkomvsidek2c,2026-04-30 03:04:04.208000+00:00,Zuppa,0,13,2026-04-30
at://did:plc:ngomvwk34dhyrmqm3b33yiom/app.bsky.feed.post/3mkpfkxy7h22p,2026-04-30 10:25:24.421000+00:00,Foreclosing* gdi apple,0,1,2026-04-30
at://did:plc:ww224eri4xcmzrjaoc3ijje4/app.bsky.feed.post/3mkozz2u4p22c,2026-04-30 06:58:32.291000+00:00,Apple TV has become what old HBO used to be … character driven stories. And let me tell you show after show I. AM. SAT.,1,16,2026-04-30
at://did:plc:n26ckjbgkfozrintdkk6hzzu/app.bsky.feed.post/3mkpsevx7as2d,2026-04-30 14:14:39.608000+00:00,"Oh, and they're getting rid of my version of Kindle, probably to create a new ""delete all the stuff you purchased with real money off your hard drive"" Kindle, like Apple did with my iTunes and entire music collection.",0,1,2026-04-30
at://did:plc:ke3dynlc362bij7ihij72xw6/app.bsky.feed.post/3mkp66v3pgs2j,2026-04-30 08:13:22.530000+00:00,"A beautiful start to the day. Mason bees buzzing in & out of the ironstone walls. Harold, the wood pigeon that lives in the garden apple tree is quietly cooing to his mate on her nest. He has no fear of me & sits on the wall watching as I plant out hollyhocks grown from seed",1,29,2026-04-30
at://did:plc:3s2iaaxxqnyesuu3np56uv7y/app.bsky.feed.post/3mkpnstgxws2c,2026-04-30 12:52:58.028000+00:00,"fuck you apple, you’ll never take me alive",0,8,2026-04-30
at://did:plc:fae2754ouc5x7k6opcagpfas/app.bsky.feed.post/3mkp4qdqesk2t,2026-04-30 07:47:20.832000+00:00,"Bean was not interested in the apple blossoms, but he did like hiding from the camera behind them. #rabbits #rabbitlife #rabbitsworldwide #bunnies #bunniesworldwide #bunny #bunnyrabbit",7,27,2026-04-30
at://did:plc:mg4zwpzbpzxnsvha5xosquni/app.bsky.feed.post/3mkpehra7hc2w,2026-04-30 10:05:42.938000+00:00,"It's a poorly defined term often accompanied by moralizing and classism, but you're better off eating an apple than a twinkie. C'mon!",1,11,2026-04-30
at://did:plc:evkfwnh57q2nqmxeojdi7inb/app.bsky.feed.post/3mkpqavy5ip2i,2026-04-30 13:36:37.811000+00:00,"This week! 🎳 A look at the A24 docuseries, Born to Bowl 🍝 Prego is selling a speaker that will record your dinner conversations 🎮 Wyatt, Nick, and Ian get get mauled by a bear in RV There Yet 🎥 Wyatt is unsure about what he thinks of the 2007 Alex Garland film, Sunshine Podbean Apple Spotify",1,7,2026-04-30
at://did:plc:fipmhlv5bhx7imxfqimmw72m/app.bsky.feed.post/3mkonjquglk2y,2026-04-30 03:15:13.590000+00:00,"Calendar Wallpapers #GenshinImpact Hello, Travelers! Here's the May wallpapers (PC/Mobile/Apple Watch) for you~ Feel free to save and use them as you like~",45,217,2026-04-30
at://did:plc:4g56ilkm3rivrzugzxye6jrf/app.bsky.feed.post/3mkqhe6td6c2s,2026-04-30 20:30:03.938000+00:00,Yo! romance fans!! Yo #HeatedRivalry fans 👀 I have just the book for you!! HOLD ME LIKE A GRUDGE by @writewithcel.bsky.social This romance between two rival wrestlers has in it is a rivals to idiots to (forbidden) lovers story that can be yours on June 30th!! Go forth and preorder!! #BookSky 🌈📚🌎📚🪐,6,19,2026-04-30
at://did:plc:r6gqf5iqdlu5ki7emhf2lwkp/app.bsky.feed.post/3mkq2z2splk2x,2026-04-30 16:49:05.726000+00:00,"Whoooo, the figure skater Kip story gets a well-deserved sequel series. I scrubbed through the vast majority of chapter 1 (of a promised 10) on the elliptical just now, and it’s a DOOZY: Scott and Kip are back in the Big Apple; Kip gets a new coach, toward whom Scott feels a twinge of jealousy. 💥",1,3,2026-04-30
at://did:plc:sf27gk54rw3ipmsk2ug3indw/app.bsky.feed.post/3mkp3irruuk2x,2026-04-30 07:25:13.395000+00:00,Meine Eltern haben 27 Apple-Geräte auf denen sie ausschließlich Candy Crush spielen,0,5,2026-04-30
at://did:plc:gefbienet53qu3trhjp7mumo/app.bsky.feed.post/3mkpnlz6uq22t,2026-04-30 12:49:04.499000+00:00,Apple cutt.ly/FtJLKCHK Spotify cutt.ly/wtJLL9hZ SoundCloud cutt.ly/QtJLCPOU YouTube cutt.ly/4tJLVFOn NV подкасти podcasts.nv.ua/episode/5446...,1,5,2026-04-30
at://did:plc:uemns7yqb62n5kpwe34wgdhs/app.bsky.feed.post/3mkosiqibak2m,2026-04-30 04:44:08.353000+00:00,I own an apple box (as in the filmmaking tool) that I use in lieu of a stepladder and yeah it is true that those are weirdly expensive but also like not really because furniture is made out of cardboard now and apple boxes are actually just solid plywood nailed together.,0,13,2026-04-30
at://did:plc:7qaydotyzl5tbnyolgootvvz/app.bsky.feed.post/3mkoy5sfrsk2g,2026-04-30 06:25:23.721000+00:00,"From Scott McCloud's ""Understanding Comics"" (saw @ironspike.bsky.social post a snippet and wanted to post the whole thing)",60,225,2026-04-30
at://did:plc:aunpu65mdrhwfie7ynymlzeh/app.bsky.feed.post/3mkotgcjqzq2t,2026-04-30 05:00:40.099000+00:00,"Watch the full episode of the Bulwark Podcast at The Bulwark and YouTube, or listen on Apple Podcasts, Spotify or wherever you get your podcasts: lnk.thebulwark.com/4tL1rnI?utm_...",1,26,2026-04-30
at://did:plc:hg2mvfochotdqj4s7d3raz3m/app.bsky.feed.post/3mkpy2lk7ek2u,2026-04-30 15:56:15.600000+00:00,"🚨NEW POD OUT🚨 🎧 177 | VAR Controversy in Madrid - Arsenal Bring It Home Level, Fulham Next 🔴 Game of 2 halves ⚪️ VAR nonsense 🔴 Fair result ⚪️ Fulham preview 👇 Listen.Watch.Enjoy! 🍎 Apple tinyurl.com/TGPAPP1 🟢 Spotify tinyurl.com/TGPSP1 📺 YouTube tinyurl.com/TGPYT2 #arsenal #gunners #coyg #atmars",3,2,2026-04-30
at://did:plc:w6sym5m44cduueo7kuabclln/app.bsky.feed.post/3mkppdt444k2p,2026-04-30 13:20:21.841000+00:00,"10,000 download party for ""Total Washout"" 🥳. Quite pleased to see a 30% conversion rate from the store listing so far too. A good start, hopefully it can snowball a bit from here. Apple App Store: apps.apple.com/app/id676074... GooglePlay Store: play.google.com/store/apps/d... #GameDev #IndieDev",2,6,2026-04-30
at://did:plc:hmjkyrt6pge5mi6z6phkzqwm/app.bsky.feed.post/3mkq42wmjx22h,2026-04-30 17:08:02.180000+00:00,i changed how i hold my tablet pen with my ergonomic grip since the apple pencils are some of the WORST designed tablet pens in existence (for ergonomics and comfort). my grip is less tight and i've gotten better over time drawing with the ergonomic piece on it. just still so frustrating in the end,0,5,2026-04-30
at://did:plc:dmgoddsemnyljdrp4jgt4dam/app.bsky.feed.post/3mkpqanawds24,2026-04-30 13:36:28.787000+00:00,How did you get this screenshot of my Apple Notes?,0,1,2026-04-30
at://did:plc:6f62ahnf7rlp7vq4atarvery/app.bsky.feed.post/3mkpmyrgknc27,2026-04-30 12:38:23.503000+00:00,#Minnie Self-inking Stamp 🛍️ www.zazzle.com/minnie_self_... . . . . . #cute #baddie #color #pretty #girly #aesthetic #cool #happy #case #iphone #laptop #pillows #mug #samsung #ipad #bag #home #decor #love #lovely #clothes #passion #design #macbook #apple,0,3,2026-04-30
at://did:plc:aunpu65mdrhwfie7ynymlzeh/app.bsky.feed.post/3mkp25rjkdb25,2026-04-30 07:01:10.022000+00:00,"Watch the full episode of the Bulwark Podcast at The Bulwark and YouTube, or listen on Apple Podcasts, Spotify or wherever you get your podcasts: lnk.thebulwark.com/4tL1rnI?utm_...",7,31,2026-04-30
at://did:plc:54h2daa3xiajcygoz6s4c3tt/app.bsky.feed.post/3mkpoztptc22i,2026-04-30 13:14:46.942000+00:00,The long-awaited book 17 of the alien series by Gini Koch is available now! Get your copy today! @ginikoch.bsky.social Amazon: www.amazon.com/dp/B0G62KZGLC B&N: www.barnesandnoble.com/w/aliens-lik... Apple: books.apple.com/us/book/alie... Kobo: www.kobo.com/us/en/ebook/...,1,3,2026-04-30
at://did:plc:axqfxntrrgfanh4pguuhsknp/app.bsky.feed.post/3mkp5kchrqs2r,2026-04-30 08:01:51.926000+00:00,Russian Service for Supervision of Communications (Roskomnadzor) has demanded from Apple and Google to remove the iStories mobile app from their stores. Important Stories (iStories) is one of Russia’s leading independent investigative media and an OCCRP member center istories.media/en/news/2026...,7,14,2026-04-30
at://did:plc:dspqe5yomuorngmojifasrzi/app.bsky.feed.post/3mkpwreywqs2e,2026-04-30 15:33:12.996759+00:00,"🚀 Enter a galaxy of war, sacrifice, and unbreakable friendship with Legacy: A Dark Space Fantasy Epic (The Everlast Saga Book 1) by The Chronicler 🌌 https://amzn.to/4sU6LFq ⭐ “Fast-paced, with a perfect balance...” Available on Kindle, Paperback, Nook, Apple Books, Kobo & Google Play",0,1,2026-04-30
at://did:plc:i2grq5k4gqwyilcjuftzluyx/app.bsky.feed.post/3mkpubfmo7c25,2026-04-30 14:48:29.306000+00:00,Trumps foreign policy is a mix of a baby in a high chair demand more apple sauce and toddler getting mad and taking his soccer ball home.,0,2,2026-04-30
at://did:plc:vorvotpmx47il67kg54nddsw/app.bsky.feed.post/3mkpemfzbx22d,2026-04-30 10:08:18.949000+00:00,Apple fucked if I can remember.,0,2,2026-04-30
at://did:plc:cwxputpxavkq727n6sgqaj6s/app.bsky.feed.post/3mkpikhs4uc2p,2026-04-30 11:18:48.670000+00:00,"While doing this, I realized that ""learn from this app"" was also on by default, meaning I've been authorizing Apple to spy on me this whole time. It's like one of the new kids at Apple read about Clippy and said ""Hold my beer!""",0,3,2026-04-30
at://did:plc:jaulcuwperex3v263qwzb5mc/app.bsky.feed.post/3mkp5pmoxd22n,2026-04-30 08:04:50.421000+00:00,"DW awards the Freedom of Speech Award 2026 to Hong Kong media entrepreneur Jimmy Lai. As founder of Apple Daily, he provided a crucial platform for independent reporting. Detained since 2020, he was sentenced to 20 years in early 2026.",8,25,2026-04-30
at://did:plc:jvkseal4wjcezgpaf2c6n44f/app.bsky.feed.post/3mkpwnoyny22e,2026-04-30 15:31:09.273000+00:00,"this is untrue, their crisp apple and ginger ales are pretty good",0,1,2026-04-30
at://did:plc:jq5ij3fyqu5qsaifjalityqh/app.bsky.feed.post/3mkpqw4cncs2m,2026-04-30 13:48:29.216000+00:00,Epic Games Wins Reversal of Stay in App Store Fee Legal Battle www.macrumors.com/2026/04/29/e... #fortnite #apple #mobilegaming #videogames #gaming #gamedev #appdev,1,4,2026-04-30
at://did:plc:xicbh4s7zyh5tvcvprfncnt2/app.bsky.feed.post/3mkpscyy4ok2b,2026-04-30 14:13:35.674000+00:00,I decided to go back to an old Timex digital watch. I never really liked the Apple Watch and my Fitbit died. I want my old things that don’t need updates or constant charging.,0,4,2026-04-30
at://did:plc:gdh57r7xdwrc57g2cbap2xtw/app.bsky.feed.post/3mkpglvcjyc2l,2026-04-30 10:43:48.910000+00:00,"UCL researchers are inviting healthy adults aged 20 to 80 with an Apple iPad to take part in Ignite+, a 30 minute app based study exploring typical performance on brain function games before future dementia research. www.dementiaresearcher.nihr.ac.uk/take-part-in...",4,4,2026-04-30
at://did:plc:tnrgtxhkjqhlszrj67repxkb/app.bsky.feed.post/3mkq32isiyp2h,2026-04-30 16:49:53.897000+00:00,"Admission: When I dip apple slices in peanut butter, I microwave the PB a few seconds....so I usually toss in a pinch of chocolate chips. #FreelanceFriends",0,2,2026-04-30
at://did:plc:aunpu65mdrhwfie7ynymlzeh/app.bsky.feed.post/3mkof5wxz7s2i,2026-04-30 00:45:27.164000+00:00,"Watch the full episode of Bulwark Takes at The Bulwark and YouTube, or listen on Apple Podcasts, Spotify or wherever you get your podcasts: lnk.thebulwark.com/48AAgUa?utm_...",12,53,2026-04-30
at://did:plc:jlzczs2c4buzhhbu5h6gwiws/app.bsky.feed.post/3mkplbkona22g,2026-04-30 12:07:30.936000+00:00,"And remember ANYTHING can be made #Vegan Love me a tasty cookie and Vegan, #PlantBased cafe @pipandoatllandudno.bsky.social do some tasty Vegan ones too! Apple and Cinnamon ones Sarah is a brilliant cook and baker 💚🌍🌳🌿🌈☀️🌻🐝",0,7,2026-04-30
at://did:plc:m5rox2hdo2gpemv4kftodz32/app.bsky.feed.post/3mkpxfyhmwk2t,2026-04-30 15:44:44.505000+00:00,[Stageblood] pass by before they met. [ #art #oc #ocxcanon #theeltingvilleclub #eltingvillecluboc #petedinunzio ],5,23,2026-04-30
at://did:plc:bsp35h6boxlnbbu3mrmc4ow3/app.bsky.feed.post/3mkou3oivuk2l,2026-04-30 05:12:37.555000+00:00,did you get the apple sauce?,0,11,2026-04-30
at://did:plc:54h2daa3xiajcygoz6s4c3tt/app.bsky.feed.post/3mkqgfhnzhc2i,2026-04-30 20:12:53.014000+00:00,"New conspiracies, old enemies, and a dangerous new drug are enough to deal with, but the bad guys also want their baby. @ginikoch.bsky.social Amazon: www.amazon.com/dp/B0F99GR67K B&N: www.barnesandnoble.com/w/alien-prol... Apple: books.apple.com/us/book/alie... Kobo: www.kobo.com/us/en/ebook/...",1,3,2026-04-30
at://did:plc:u7kt3jsfanxlp45oivslza23/app.bsky.feed.post/3mkplmrthqc2a,2026-04-30 12:13:47.533000+00:00,🤘,0,1,2026-04-30
at://did:plc:z4tsgklleay33gfphs5pbs7p/app.bsky.feed.post/3mkpxtuvtbs2j,2026-04-30 15:52:30.537000+00:00,"On Monday May 11th, my new short The Crumbs will screen at 6 pm as part of the Big Apple Film Festival. It's my most personal work and I'm excited to have a hometown screening. If you've wanted to support or assassinate me, here's your chance: baff2026springedition.eventive.org/schedule/69e...",3,5,2026-04-30
at://did:plc:xyetirzppkyk4vjcopvaj2hd/app.bsky.feed.post/3mkp6t2hulc2q,2026-04-30 08:24:39.271000+00:00,RIP felt mouse. You stood no chance against Apple.,0,3,2026-04-30
at://did:plc:4k2th7xpajjelzy3ose4cp44/app.bsky.feed.post/3mkoufju5s22f,2026-04-30 05:18:08.224000+00:00,Early stroll. The sky’s cold confidence. A lone bird at the summit of a tree. My ploughed field of vision. A half-eaten apple in a the bus shelter. The Running Woman runs by.,13,85,2026-04-30
at://did:plc:zjgi7od574a734xixdjo35mo/app.bsky.feed.post/3mkqfk7qwik2o,2026-04-30 19:57:38.754000+00:00,"In a normal, competitive market, the person who buys the apple for $1 would sell it for $1.01.... and pocket the difference (arbitrage). But we don't have competitive markets, we have monopolies.",1,10,2026-04-30
at://did:plc:h24zwllzdxxxf4mh2hov4yss/app.bsky.feed.post/3mkp7tr2irk24,2026-04-30 08:42:56.693000+00:00,Electing Georgia’s New Patriarch: Political & Geopolitical Stakes. Outcome already decided? Tonight at 22:00 GMT+4 journalist & church–state relations expert Irakli Kiknavelidze explains Spotify: urli.info/1oJis Apple : urli.info/1oGAr youtu.be/VifjEvc8xG0,1,3,2026-04-30
at://did:plc:h24zwllzdxxxf4mh2hov4yss/app.bsky.feed.post/3mkp7tr2irk24,2026-04-30 08:42:56.693000+00:00,Electing Georgia’s New Patriarch: Political & Geopolitical Stakes. Outcome already decided? Tonight at 22:00 GMT+4 journalist & church–state relations expert Irakli Kiknavelidze explains Spotify: urli.info/1oJis Apple : urli.info/1oGAr youtu.be/VifjEvc8xG0,1,3,2026-04-30
at://did:plc:33wdmcwpkvsckk4sqcnsav42/app.bsky.feed.post/3mkpku23los2o,2026-04-30 11:59:57.326000+00:00,"Dragon Quest 11 S gets rated for Switch 2, potentially giving Square Enix a fifth bite of the apple www.eurogamer.net/dragon-quest...",0,19,2026-04-30
at://did:plc:cajnmutz7g6qfaezwu3jpke7/app.bsky.feed.post/3mkpiqqvaos2b,2026-04-30 11:22:19.532000+00:00,"Nick's Retro Tracks (8) #Music #nowplaying Jefferson Mary Hopkin (1971) A lyrical, melodic folk style ""B"" side to Water, Paper & Clay written by the Scottish singer-songwriter duo Benny Gallagher & Graham Lyle ""I Wanna Stay With You"" when they worked for Apple Corps. youtu.be/BffAiahy158?...",0,3,2026-04-30
at://did:plc:hkmr2sylbf5o4xtbnbnqe2kw/app.bsky.feed.post/3mkod3x54qk22,2026-04-30 00:08:32.994000+00:00,"I call them #Gala, as in the delicious apple.",0,0,2026-04-30
at://did:plc:gitzfjyk5gniijb4r5ywznz5/app.bsky.feed.post/3mkoks77xok2a,2026-04-30 02:26:15.832000+00:00,A treat for me cuz my stupid period,1,3,2026-04-30
