ID_Tweet,Fecha_UTC,Contenido_Texto,Retweets,Favoritos
at://did:plc:3ebdwijs4b7fbizj23dndisw/app.bsky.feed.post/3mc4hs5nnms2t,2026-01-11T02:23:04.679Z,"Hacemos un llamamiento al director ejecutivo de Apple, Tim Cook, y al director ejecutivo de Google, Sundar Pichai, para que rescinda sus contratos con el ICE y la CBP y se comprometa públicamente a defender el derecho a documentar la actividad policial. Envía una carta ahora: tinyurl.com/tellceos",0,0
at://did:plc:thsx47n7zdfwup7355sx7lqk/app.bsky.feed.post/3mc4nkm2p2k23,2026-01-11T04:06:13.801Z,,12,30
at://did:plc:d4n6mxjowi6acoouv7r47sbr/app.bsky.feed.post/3mc6mmdudrc24,2026-01-11T22:54:38.050Z,"Yeah, I’m not sure how it works with Garmin. I know it works well with Apple Watch because that’s what I use.",0,1
at://did:plc:6ahcvw4lxt4rjxutbnacqo4w/app.bsky.feed.post/3mc66yxux522r,2026-01-11T18:51:09.307Z,"I used spoken commands to search my Apple TV for Fackham Hall. I tried twice. Both times it translated my speech as F**k Them All. And I guess that's the point. This movie is crazy, and at times tasteless, but if you're in the right mood you can get a lot of laughs out of it.",0,1
at://did:plc:s3fxshvjxbprodyh5owp6pkk/app.bsky.feed.post/3mc64nytk222p,2026-01-11T18:09:13.722Z,"INSTANT REACTION: Portsmouth 1 Arsenal 4, plus Chelsea preview 🔴Holly on rotation ⚪️Chris on finding the groove 🔴Stef under attack at Pompey PATREON rb.gy/1v311z YouTube rb.gy/1bdv10 Spotify rb.gy/a0fns Apple rb.gy/y35fm",1,2
at://did:plc:voa5jj4mjj2u76o7cp6qanjz/app.bsky.feed.post/3mc6aaarxak2w,2026-01-11T14:13:07.033-05:00,"Retail Sales Associate - Part-Time - Store 2150-Fisher Marketplace-maurices-Apple Valley, MN 55124 Job educativ.net/jobs/job/51564...",0,0
at://did:plc:inlfjhi3wfpsglitqo7b5g5m/app.bsky.feed.post/3mc6iiq6vrc2d,2026-01-11T21:41:01.787Z,Friend Natasha had a brilliant idea: what if the #iPhone Air was a trial production for half the rumored iPhone Fold? I went to an Apple Store to see what such a thing would feel/look like by sandwiching two Airs. While I like the folded-out screen size I’m still not sold on the whole fold concept.,0,0
at://did:plc:fsftz5ue2bvlvkb6zx2bqdnh/app.bsky.feed.post/3mc6ek2nzgr26,2026-01-11T20:30:11.255432+00:00,Apple released iOS 26.2 as an emergency security update to fix two zero-day vulnerabilities in the WebKit engine. Essas flaws were being actively exploited in highly sophisticated attacks targeting specific individuals. Affected devices include iPhone models from 11 onwards that were still..,0,2
at://did:plc:3t7mj4gzn73z4pp27ycpxlae/app.bsky.feed.post/3mc6cpdkpzj2u,2026-01-11T19:57:20+00:00,"🍾 Alle verwachtingen voor Apple producten, software en diensten voor 2026 op een rij met o.a. iPhone Fold, Apple Smart Hub en meer 📲🔥➡️",0,0
at://did:plc:dmfer75ztbgrmcnb3yx3svdk/app.bsky.feed.post/3mc6gnbpfac2n,2026-01-11T21:07:46.893Z,"Rare thin sliced roast beef, granmy smith apple slices, melted brie, garlic aioli and a little arugula",0,0
at://did:plc:mgmoiciuv54iikyeqsnkue4c/app.bsky.feed.post/3mc5jdxpwek2r,2026-01-11T12:23:35.836Z,"✨SHE DOESN'T WANT YOU✨ Available on Amazon Music, Apple Music, Beatport, Deezer, Apple iTunes, Spotify, Tidal & YouTube Music. 🔗 “My website with all links is mentioned in my Profile Bio — tap to visit!” 🎧 Track{s}: ✨🎼She Doesn't Want You ✨🎼She Doesn't Want You (Wistful Piano Drift Remix)",0,0
at://did:plc:ii6pqqgwzbvh6lggpk7td3mp/app.bsky.feed.post/3mc5xl5rfa22q,2026-01-11T16:38:09.529Z,Yay!!😀 Congrats Apple!,0,0
at://did:plc:xqbhmzlwfd6cmwbj23ei4rmh/app.bsky.feed.post/3mc5vyan7qc2t,2026-01-11T16:09:41.262Z,hey apple watch - would you send me a notification (on watch or iphone) when the battery is low enough that it's red when i put it on the charger?,0,0
at://did:plc:34w6p2nygxpqkiqbkrnq56ip/app.bsky.feed.post/3mc5riha4xh2a,2026-01-11T14:47:02.000Z,#NowPlaying 🕜 1:47 am 🎵 It Always Was 🧑‍🎤 Joshua Idehen 🎧 Apple Music / Spotify / YouTube Music 📝 Lyrics,0,0
at://did:plc:duhvoa756ez24vmvcaxcwx32/app.bsky.feed.post/3mc5rtovoms2i,2026-01-11T14:55:33.479Z,Vince Gilligan. I have this great idea for a five part miniseries. It's called #Pluribus. #Apple. Brilliant. Have nine episodes.,0,0
at://did:plc:lgdp6jofbgdcol6fbc2ihslu/app.bsky.feed.post/3mc4s3uyd2k2n,2026-01-11T05:27:28.554Z,"Apparently a bunch of people are having this exact same problem and have been for over a year, and Apple knows about it and has done nothing. That’s a deal-breaker. Buying from someone else next time.",0,1
at://did:plc:34w6p2nygxpqkiqbkrnq56ip/app.bsky.feed.post/3mc5th26jko26,2026-01-11T15:23:06.000Z,#NowPlaying 🕑 2:23 am 🎵 So Good At Being In Trouble 🧑‍🎤 Unknown Mortal Orchestra 💿 II 🎧 Apple Music / YouTube Music 📝 Lyrics,0,0
at://did:plc:extqxtsoc4q4qnbmwizooppn/app.bsky.feed.post/3mc5tdiepo32c,2026-01-11T15:20:24.000Z,#NowPlaying 🕑 2:20 am 🎵 Prey4U 🧑‍🎤 BENEE 💿 Ur an Angel I’m Just Particles 🎧 Apple Music / YouTube Music 📝 Lyrics,0,0
at://did:plc:gpr2xoa3vdghmjedq2rb5jlp/app.bsky.feed.post/3mc5ua7nzus2u,2026-01-11T15:38:21.191Z,Eve w/ the apple in hand:,0,0
at://did:plc:34w6p2nygxpqkiqbkrnq56ip/app.bsky.feed.post/3mc5ougdjj724,2026-01-11T14:01:31.000Z,#NowPlaying 🕐 1:01 am 🎵 Wound Up Here (By Holdin On) 🧑‍🎤 Wednesday 💿 Bleeds 🎧 Apple Music / Spotify / YouTube Music 📝 Lyrics,0,0
at://did:plc:34w6p2nygxpqkiqbkrnq56ip/app.bsky.feed.post/3mc4ugmbngw2q,2026-01-11T06:07:44.000Z,#NowPlaying 🕔 5:07 pm 🎵 Conquer 🧑‍🎤 Elsy Wameyo 💿 Saint Sinner 🌱 Triple J Unearthed 🎧 Apple Music / Spotify / YouTube Music 📝 Lyrics,0,0
at://did:plc:p5slhrxccr233isukwrueomr/app.bsky.feed.post/3mc5lgyxaac2q,2026-01-11T13:01:05.351Z,Rebooted my new music list for 2026. Subscribe for regular updates! ✨ Apple Music: music.apple.com/nl/playlist/... Spotify: open.spotify.com/playlist/726...,2,3
at://did:plc:eeegz7aq6cgjcte3m4fe3sdg/app.bsky.feed.post/3mc5neigqdk2z,2026-01-11T13:35:28.380Z,Today's bakes are apple and walnut pies. I used a blend of carob syrup and maple syrup instead of sugar. The chief tester has given his vote of approval! #bakingsky,0,10
at://did:plc:ewlo3acc5iut7b7efjenpqyn/app.bsky.feed.post/3mc4azmxn2s27,2026-01-11T00:21:59.424Z,"He was a trainer too, so he was the bad apple that spoils the barrel.",0,4
at://did:plc:wvosoifnyxespa2uoh6ojoqh/app.bsky.feed.post/3mc4fcho24s2k,2026-01-11T01:38:30.824Z,So many things. This year it was a metric ton of mulled spice things and apple desserts.,0,2
at://did:plc:mvzxcopxl7477vdjw6fqutgh/app.bsky.feed.post/3mc4bmxpftk2m,2026-01-11T00:32:48.223Z,I gave it 5 minutes in the jar before hitting it with the mixture of apple cider vinegar and salt. I'll let it wait until tomorrow and see what it's like at lunch.,1,1
at://did:plc:xohln37dc4oorf55ryvydzo6/app.bsky.feed.post/3mc4jdakxs22h,2026-01-11T02:50:31.904Z,God damn do I fuckin love apple juice,0,6
at://did:plc:lgxwokjfnegutejxknkdpqwj/app.bsky.feed.post/3mc4jvkcmu42w,2026-01-11T03:00:43+00:00,"Dynasty Baseball Pickups: Ep 122 https://www.rawchili.com/mlb/514370/ Available everywhere including Apple Podcasts On this jam-packed episode, Kyle (X:@Sonny_108/BS:@Sonny108) and Taylor (X/BS:@DynastyPickups) cover the latest signing…",0,0
at://did:plc:34w6p2nygxpqkiqbkrnq56ip/app.bsky.feed.post/3mc4mdcyhhh2c,2026-01-11T03:43:45.000Z,#NowPlaying 🕝 2:43 pm 🎵 Waiting So Long 🧑‍🎤 Daphni 💿 Butterfly 🎧 Apple Music / Spotify / YouTube Music 📝 Lyrics,0,0
at://did:plc:hepmhzpdjtbjhqvjr4egtqpp/app.bsky.feed.post/3mc5vneoafk2u,2026-01-11T16:03:36.381Z,Swing and a miss. #retroComputing #techsupportlife,0,2
at://did:plc:extqxtsoc4q4qnbmwizooppn/app.bsky.feed.post/3mc4gxnfgld23,2026-01-11T02:06:12.000Z,#NowPlaying 🕐 1:06 pm 🎵 Miss Erotica 🧑‍🎤 Peach PRC 🌱 Triple J Unearthed 🎧 Apple Music / Spotify / YouTube Music 📝 Lyrics,0,0
at://did:plc:krugihidcgxgpiyqslv3tiim/app.bsky.feed.post/3mc4bzzegis2s,2026-01-11T00:40:06.168Z,Eris was the culprit of the golden apple debacle so it fits really well too 🥲,0,0
at://did:plc:hqqjt33dtdcl6kz5bqwi7cws/app.bsky.feed.post/3mc5mames4v2y,2026-01-11T13:15:24.491906+00:00,CPU Counters on Apple Silicon: article + tool https://blog.bugsiki.dev/posts/apple-pmu/ https://news.ycombinator.com/item?id=46525236,0,0
at://did:plc:34w6p2nygxpqkiqbkrnq56ip/app.bsky.feed.post/3mc4gl3chff2b,2026-01-11T02:00:31.000Z,#NowPlaying 🕐 1:00 pm 🎵 Spaceman 🧑‍🎤 Babylon Zoo 💿 The Boy With The X-Ray Eyes 🎧 Apple Music / YouTube Music 📝 Lyrics,0,0
at://did:plc:uaisjywg7okfaxw42qb4jvqb/app.bsky.feed.post/3mc5cfvfqas22,2026-01-11T10:19:24.408Z,"Apps mean you need access to a phone, which seems like you are creating a barrier to entry or equity issues around ""pay to use"" You can use a computer in the library for free. Other downside to Apps is you have to pay the platform fees. Apple/Google platform and transaction fees would push up costs",0,0
at://did:plc:2xlkeraimedp3wim47pqsbvk/app.bsky.feed.post/3mc5cifss232p,2026-01-11T10:20:48.638203+00:00,フリーレン2期、OPはMrs. GREEN APPLE,0,0
at://did:plc:dspqe5yomuorngmojifasrzi/app.bsky.feed.post/3mc55bzh2qy2a,2026-01-11T08:47:45.682909+00:00,"Available in many ebook formats & in Paperback books The Alienated Puppeteer by John P. Warren https://books2read.com/u/mB9NnD John P. Warren's THE ALIENATED PUPPETEER is an intense, tragic and darkly humorous coming-of-age tale. Kindle Apple Books Kobo Smashwords Nook Paperback",0,0
at://did:plc:toqszlivpbktyxduaoelxpvi/app.bsky.feed.post/3mc55b55gck2d,2026-01-11T08:47:16.043Z,Is that Apple TV+?,0,1
at://did:plc:cgo2j4duobntesfbddzar3ue/app.bsky.feed.post/3mc56rxfalk2z,2026-01-11T09:14:34.175Z,"Ah well, more apple for me I guess...",0,1
at://did:plc:fckagqt4awef4jb5znr55jgf/app.bsky.feed.post/3mc5aimg6h22p,2026-01-11T09:45:08.164Z,"I’m so disappointed in Apple, Tim Cook, and all the leadership there. How long will it take them to make a stand? All they’re being asked to do is enforce their OWN policies",0,2
at://did:plc:6cn472gdaebeuacjkjwhlmgu/app.bsky.feed.post/3mc5au2itlk2g,2026-01-11T09:51:32.031Z,"My wife has Samsungs and they seem to be good, I think largely because they’re a bit more apple like in their approach to supporting their devices and ecosystem",0,1
at://did:plc:extqxtsoc4q4qnbmwizooppn/app.bsky.feed.post/3mc5btum43q2y,2026-01-11T10:07:06.000Z,#NowPlaying 🕘 9:07 pm 🎵 Relationships 🧑‍🎤 HAIM 🎧 Apple Music / Spotify / YouTube Music 📝 Lyrics,0,0
at://did:plc:34w6p2nygxpqkiqbkrnq56ip/app.bsky.feed.post/3mc4ias5f742k,2026-01-11T02:30:50.000Z,#NowPlaying 🕜 1:30 pm 🎵 No No No 🧑‍🎤 Beirut 🎧 Apple Music / Spotify / YouTube Music 📝 Lyrics,0,0
at://did:plc:tx5o47iwxkxghnvk4cmrzrkg/app.bsky.feed.post/3mc4iifk3b22t,2026-01-11T02:35:31.148Z,"Look, If Sir Isaac Newton had been watching cats when he had his epiphany, Instead of sitting under a fucking apple tree, we’d all be driving around in flying cars now.",0,1
at://did:plc:7repqm6xcahjoqfrvephmrv3/app.bsky.feed.post/3mc4ticxudk2j,2026-01-11T05:52:19.615Z,I want one in Mint Teal…! NO! Candy Apple Red!,0,0
at://did:plc:xl7kd7wowde5k7wi6hwezamt/app.bsky.feed.post/3mc6k2f4cis2n,2026-01-11T22:08:47.890Z,Soul cycle has nothing on me! #applefitness #apple #homegym,0,1
at://did:plc:pl6kokroyx2tby4xanf66wzg/app.bsky.feed.post/3mc6nnxgass22,2026-01-11T23:13:25.856Z,New cheaper Galaxy Z Fold reveals itself alongside Galaxy Z Fold8 and Galaxy Z Flip8 amid rumours of Apple iPhone Fold rival tinyurl.com/44pchsfw #Samsung #GalaxyZFold8 #GalaxyZFlip8 #Android #foldable #smartphone,1,0
at://did:plc:fjusiwek4pf4ojan7byo2wxe/app.bsky.feed.post/3mc5t7chqak2p,2026-01-11T15:19:56.834Z,"Might go to a community event with a pie competition! What's your favorite pie? Bonus if it's unique. Considering making a NM apple, green chile, and cheddar pie but I'm not totally sold on that either because I find generally that people up here can't handle the spice.",0,1
at://did:plc:extqxtsoc4q4qnbmwizooppn/app.bsky.feed.post/3mc5vhf5fs72j,2026-01-11T15:59:34.000Z,#NowPlaying 🕝 2:59 am 🎵 Whiplash 🧑‍🎤 Mid Drift 🌱 Triple J Unearthed 🎧 Apple Music / YouTube Music 📝 Lyrics,0,0
at://did:plc:merdwlc44pkctdfszx5sseyw/app.bsky.feed.post/3mc6do3bu4s2v,2026-01-11T20:14:32.488Z,getting that and apple juice at the store because i love myself,0,3
at://did:plc:5vbaifkfqcqbmbf3wizadmlt/app.bsky.feed.post/3mc6or3uy3c2e,2026-01-11T23:33:04.937Z,"I do like the Apple Silicon processor but it totally borked virtualization. And now everything's soldered to the motherboard. AirPods are nice, but Sony or Bose get the job done too.",0,2
at://did:plc:kqdyhnklmmv34nmml6btyqv6/app.bsky.feed.post/3mc6n6ipgus2j,2026-01-11T23:04:47.106Z,"_Foundation_ is a good series, as I have mentioned before. Revamp of Asimov's basic setup into fascinating, excellent TV.",0,16
at://did:plc:cq6x764bbat7uhchtp2h2ddq/app.bsky.feed.post/3mc6ieanw6k2b,2026-01-11T21:38:31.290Z,#DavidsMonthOfMusic #MusicChallenge 12 - a song that starts with L Limp - Fiona Apple youtu.be/CfTNpbraBbI?...,0,5
at://did:plc:34w6p2nygxpqkiqbkrnq56ip/app.bsky.feed.post/3mc4qjhap2f2q,2026-01-11T04:58:31.000Z,#NowPlaying 🕞 3:58 pm 🎵 Only One Laughing 🧑‍🎤 Hatchie 💿 Liquorice 🌱 Triple J Unearthed 🎧 Apple Music / Spotify / YouTube Music 📝 Lyrics,0,0
at://did:plc:6lxdc7oq7yqzpekohnf4ozh2/app.bsky.feed.post/3mc4qsttur22v,2026-01-11T05:04:31.628Z,When one of my old friends moved here she posted what was very obviously the Sears Tower captioned “the big apple” just to be silly and one of her friends was like “omg did you move to New York” lmao,0,3
at://did:plc:34w6p2nygxpqkiqbkrnq56ip/app.bsky.feed.post/3mc4rxvtxqa2b,2026-01-11T05:24:26.000Z,#NowPlaying 🕓 4:24 pm 🎵 Rising Water 🧑‍🎤 James Vincent McMorrow 💿 We Move 🎧 Apple Music / Spotify / YouTube Music 📝 Lyrics,0,1
at://did:plc:34w6p2nygxpqkiqbkrnq56ip/app.bsky.feed.post/3mc4h3c5fyb2a,2026-01-11T02:09:30.000Z,#NowPlaying 🕐 1:09 pm 🎵 The Chase 🧑‍🎤 Future Islands 🎧 Apple Music / Spotify / YouTube Music 📝 Lyrics,0,0
at://did:plc:extqxtsoc4q4qnbmwizooppn/app.bsky.feed.post/3mc4dfag7pl26,2026-01-11T01:03:05.000Z,#NowPlaying 🕛 12:03 pm 🎵 First Blush 🧑‍🎤 Ocean Alley 💿 Love Balloon 🎧 Apple Music / Spotify / YouTube Music 📝 Lyrics,0,0
at://did:plc:v3o5frjtq7xoqdivztdwgkkq/app.bsky.feed.post/3mc4lv65exc26,2026-01-11T03:36:20.824Z,John Ternus 是誰？為何被點名為 Apple 下一任 CEO 👑 iphonenews.cc/2026/01/09/j...,0,2
at://did:plc:ds7zbaulnxvcucklxm4ebjs6/app.bsky.feed.post/3mc4mk6h2hc2b,2026-01-11T03:48:05.784Z,"Baguette with fig jam, Brie cheese, and green apple (or sometimes, pear). Simple and delicious",0,9
at://did:plc:hfsuviog7elqfvoljjbnsgwr/app.bsky.feed.post/3mc6lkvkvds25,2026-01-11T22:35:55.764Z,"Fox News has come out against...*checks notes*... Moms. What's next, apple pie?",0,4
at://did:plc:nipiwozrhof5gjmohypxlbgp/app.bsky.feed.post/3mc5nk3mxhc2c,2026-01-11T13:38:36.314Z,"There is still at least one manufacturer in China. 3D fans and collectors are now using high-end projectors with 3D functionality. They're now calling it ""spatial"" thanks to Apple.",0,3
at://did:plc:gu5aexo7n2cj7jkdag6fckzv/app.bsky.feed.post/3mc5yxvdd7222,2026-01-11T17:03:10.629Z,38 miles for me acvording to apple fitness walking though a lot of it is into the house back to the van back in the house etc…,0,1
at://did:plc:slfr2mc4orfrp7q6p7o2223x/app.bsky.feed.post/3mc5z44muju2y,2026-01-11T17:05:32.050Z,"I promise, it's not complicated. None of the movies is secretly a prequel or anything like that.",0,1
at://did:plc:extqxtsoc4q4qnbmwizooppn/app.bsky.feed.post/3mc5aocdigw2l,2026-01-11T09:46:15.000Z,#NowPlaying 🕣 8:46 pm 🎵 Sports car 🧑‍🎤 Tate McRae 💿 So Close To What 🎧 Apple Music / Spotify / YouTube Music 📝 Lyrics,0,0
at://did:plc:nm3wa25ckyyh3ln5bye2cgph/app.bsky.feed.post/3mc6it5wnps2i,2026-01-11T21:46:51.670Z,"“Show me what comic you loved when you were 13, and that's all I need to know about you.”",0,0
at://did:plc:pmykf6goq2ucud752atbjhfv/app.bsky.feed.post/3mc4ptwhrpk23,2026-01-11T04:47:14.190Z,Hiro said the apples I bought yesterday weren’t nice but I didn’t want to waste them so I peeled & sliced them up & made danish apple cake and then the oven was hot & Kimiko was out so I roasted a chicken over some veggies & when Kimiko came home apparently the house smelled *_amazing_*.,0,12
at://did:plc:ntlebufkxz4igzpmyc4cswmx/app.bsky.feed.post/3mc5tzbmors2a,2026-01-11T15:34:28.362Z,Gonna be real fun when Europe freezes US assets in response and suddenly all the Apple Stores and Ford dealerships can’t repatriate their revenues back to Cupertino or Detroit.,0,1
at://did:plc:ie5bbztcnpdw4bagy524ue27/app.bsky.feed.post/3mc6cyzh4cs2y,2026-01-11T20:02:45.918Z,I added 19 new releases to my music library this week. The playlists below have a track from each release. In no particular order. The artists included are listed in comments to this post. Apple Music: music.apple.com/gb/playlist/... Spotify: open.spotify.com/playlist/5qN... #Music #NewMusic,1,1
at://did:plc:gkhhrcwgethkuvmbbxo3qyf3/app.bsky.feed.post/3mc5flpbc2k27,2026-01-11T11:16:20.523Z,ppl usually like deezer as well for a spotify alternative. apple music is goated though,0,0
at://did:plc:q4x6z7v6uuy333f6do4kjyd5/app.bsky.feed.post/3mc5oyamhbfz2,2026-01-11T14:04:22.000Z,@sven > usually there would be does that mean Apple is being unusual here and making your life more difficult?,0,0
at://did:plc:f7uuq3ech5p7uufegdmmaeqm/app.bsky.feed.post/3mc5poptvac2m,2026-01-11T14:16:59.213Z,Apple pie is so sweet!,0,0
at://did:plc:mebdc7dc6vwbs754dhs266wf/app.bsky.feed.post/3mc6afkh3t22t,2026-01-11T19:16:05.173Z,"Just did this, it’s under Accessibility. If a photo is a wall of text you can highlight and copy/paste text from Apple photos (I don’t know about Android).",0,1
at://did:plc:oy3neof2uxm4d464igpyl6ym/app.bsky.feed.post/3mc6eu4b6tn2m,2026-01-11T20:35:48.521Z,R1999 has so many... interesting designs like mr apple 👀 I hope you get to see the others!!!!,0,1
at://did:plc:54fqbtw5bxbtbicb24vkhhkv/app.bsky.feed.post/3mc5zkxvipvj2,2026-01-11T17:13:22.000Z,#Apple and #Google must enforce their stores' terms of service 💥and remove X Corp's #X and #Grok apps from their app stores over recent incidents of 🔥mass generation of nonconsensual sexualized images of women and children https://www.takeaction.network/xactions/46033?tanref=XI,2,1
at://did:plc:oufmjabxro4l34xxbfmfkegs/app.bsky.feed.post/3mc64kahfic2e,2026-01-11T18:07:03.051Z,Of course my Apple Watch was not impressed and both of these heart attack inducing activities and barely closed my exercise ring. My Apple Watch is every disappointed gym teacher I had in primary school watching me flail at whenever planned activity we were doing.,0,7
at://did:plc:jf26a7dgps3fck4zc7anchdl/app.bsky.feed.post/3mc5a4ukub723,2026-01-11T09:38:33.964377+00:00,記事の要約: 東京慈恵会医科大学の高尾洋之医師は、難病により体が不自由になった経験を持ち、iPadのアクセシビリティ機能を活用してコミュニケーションを再び可能にしました。彼は「スイッチコントロール」などの機能を使い、意思疎通ができなかった患者たちが希望を持てるようになることを目指しています。高尾医師は、Apple製品に備わる優れたアクセシビリティ機能が多くの人に知られていないことを懸念し、認知拡大の重要性を訴えています。彼の取り組みは、テクノロジーが単なる道具ではなく、希望そのものであることを示しています。,0,0
at://did:plc:hf3tgiqwvu45ajugrei27fpx/app.bsky.feed.post/3mc4gzgxbts2n,2026-01-11T02:09:15.551Z,"3/ But when the richest man in the world is the sleazy, shameless pimp pushing child sexual abuse material, those with real power don’t care — not the US govt; not Apple or Google, in their app stores; and not major corporations who advertise on X. All are rendered morally bankrupt by $$ signs.",14,44
at://did:plc:34w6p2nygxpqkiqbkrnq56ip/app.bsky.feed.post/3mc4yhevzm32c,2026-01-11T07:20:02.000Z,#NowPlaying 🕕 6:20 pm 🎵 I WANT YOU 🧑‍🎤 Close Counters 💿 I Want You 🌱 Triple J Unearthed 🎧 Apple Music / YouTube Music 📝 Lyrics,0,0
at://did:plc:extqxtsoc4q4qnbmwizooppn/app.bsky.feed.post/3mc4yfmarc22y,2026-01-11T07:19:49.000Z,#NowPlaying 🕕 6:19 pm 🎵 One Night Stand 🧑‍🎤 Wade Forster 💿 Gooseneck Party 🎧 Apple Music / YouTube Music 📝 Lyrics,0,0
at://did:plc:rifwvx7xdpbi5vk23uvi7c2k/app.bsky.feed.post/3mc6oilhpwk23,2026-01-11T23:28:19.291Z,"I love that everything that used to just work from ""Big Gen. Corp America"" no longer does. Amazon used to get you your stuff in decent shape pretty fast. Now it comes destroyed two months after they promised. Apple, used to just work... now, it's become Windows ME. Techbros enshitify everything.",3,16
at://did:plc:34w6p2nygxpqkiqbkrnq56ip/app.bsky.feed.post/3mc4ebt67kl2x,2026-01-11T01:19:24.000Z,#NowPlaying 🕛 12:19 pm 🎵 Into Dust (Still Falling) 🧑‍🎤 Four Tet 🎧 Apple Music / Spotify / YouTube Music,0,0
at://did:plc:o4ecksmehnakqdedkyskqdws/app.bsky.feed.post/3mc62bgroo22z,2026-01-11T17:26:24.656Z,"On January 11, 2005, Apple released the first-generation iPod Shuffle",14,81
at://did:plc:m5soh62ifdpq443v3rnjnfrm/app.bsky.feed.post/3mc6fye4i422a,2026-01-11T20:56:04.776Z,"11. Criminal - Fiona Apple ""I've got to make a play To make my lover stay So what would an angel say? The devil wants to knoooooow"" The extremely '90s video got me interested as a tenn, but I think this song has only grown on me as time goes on. #365songs song.link/us/i/309677247",0,5
at://did:plc:duppeiooynvii3f53o444jr7/app.bsky.feed.post/3mc6pqu3yi22e,2026-01-11T23:50:50.519Z,"Oh sweet Jesus, have I not suffered enough?!?",0,9
at://did:plc:extqxtsoc4q4qnbmwizooppn/app.bsky.feed.post/3mc4fflq7a72j,2026-01-11T01:39:42.000Z,#NowPlaying 🕜 12:39 pm 🎵 45 🧑‍🎤 Cosmo's Midnight 🎧 Apple Music 📝 Lyrics,0,0
at://did:plc:vwegeh7ahwkqj7epe5ft37yi/app.bsky.feed.post/3mc47zooomc2k,2026-01-11T00:04:07.467Z,"Public: Please share this and my letter to help an activist get justice. Dear Mr. Tim Cook, Apple computer #Apple #HumanRights #PegasusSpyware #Privacy #TechAccountability #TimCook @accessnow.org @josephcox.bsky.social CC: @citizenlab.ca @accessnow.org @josephcox.bsky.social #Pegasus",0,0
at://did:plc:z4dia3ewbqsspfgxqjbgoas6/app.bsky.feed.post/3mc674yzjd22g,2026-01-11T18:53:24.724Z,"My daughter at the Packer Backers Club last night in Greenville, SC texted me and asked if I ever had cheddar cheese on apple pie? The server offered it with her apple pie order. Have I ever had cheddar cheese on apple pie??? 🤣 There are rumors it used to be the LAW here in Wisconsin.",0,0
at://did:plc:34w6p2nygxpqkiqbkrnq56ip/app.bsky.feed.post/3mc67tytdd726,2026-01-11T19:03:58.000Z,#NowPlaying 🕕 6:03 am 🎵 In Your Ocean 🧑‍🎤 Iron & Wine 💿 Hen's Teeth 🎧 Apple Music / Spotify / YouTube Music 📝 Lyrics,0,0
at://did:plc:enfmtokariz6tq72fspjsijk/app.bsky.feed.post/3mc6fr2jjuc2r,2026-01-11T20:51:59.838Z,"1. 2-5 2. Yes, my 2 lovely partners 🥰 3. Controversial but blankies 4. The little oranges called cuties 🍊 5. Juice! Specifically diluted apple juice",0,0
at://did:plc:4keioeoscnf6hebkyp4jiihc/app.bsky.feed.post/3mc5r5f6zpk2g,2026-01-11T14:43:05.085Z,"you're my honeybunch, sugar plum, pumpy-umpy-umpkin, you're my sweetie pie... you're my cuppycake, gumdrop, snoogums-boogums, you're the apple of my eye",0,0
at://did:plc:cphxdtilnm5bqw7ig6c2acjc/app.bsky.feed.post/3mc5rdys5ik2t,2026-01-11T14:46:46.978Z,waoof that sux damn apple wtf you doing,0,1
at://did:plc:cphxdtilnm5bqw7ig6c2acjc/app.bsky.feed.post/3mc5rdys5ik2t,2026-01-11T14:46:46.978Z,waoof that sux damn apple wtf you doing,0,1
at://did:plc:vwegeh7ahwkqj7epe5ft37yi/app.bsky.feed.post/3mc47zooomc2k,2026-01-11T00:04:07.467Z,"Public: Please share this and my letter to help an activist get justice. Dear Mr. Tim Cook, Apple computer #Apple #HumanRights #PegasusSpyware #Privacy #TechAccountability #TimCook @accessnow.org @josephcox.bsky.social CC: @citizenlab.ca @accessnow.org @josephcox.bsky.social #Pegasus",0,0
at://did:plc:34w6p2nygxpqkiqbkrnq56ip/app.bsky.feed.post/3mc55noseru22,2026-01-11T08:53:48.000Z,#NowPlaying 🕢 7:53 pm 🎵 Grow Wings and Fly 🧑‍🎤 King Gizzard & The Lizard Wizard 💿 Phantom Island 🎧 Apple Music / YouTube Music 📝 Lyrics,0,0
at://did:plc:4t6f5di4xcctr5cj5rvhuzib/app.bsky.feed.post/3mc52v7okt22u,2026-01-11T08:04:48.565Z,🤣Seriously a woman from a communications crisis firm whose championed by Julian Payne TOADY Charles/Camilla cleaner upper and believes 😆the British Monarchy is = to APPLE Amazon Facebook & Google 😱 😜How long before Willy puts moves on her and she RAGE QUITS like Kitty's wardrobe fashion asst.,0,0
at://did:plc:j3auodmrsgd7bxbplx4g75t2/app.bsky.feed.post/3mc5e5kzwmnas,2026-01-11T10:50:32.583Z,"Would there be photos on the Apple website that illustrate the difference between “English (USA)”, “English (UK)” and “English (International)” keyboard layouts? Like fuck there would.",0,1
at://did:plc:c272ukevwloc7npd7hqj3vb5/app.bsky.feed.post/3mc5dky4wck2p,2026-01-11T10:40:08.779Z,"I wanna lick the green one because it looks tasty, yet I know it can’t be lime, and it can’t be apple either, and I just gotta know what it is lmao.",0,1
at://did:plc:duppeiooynvii3f53o444jr7/app.bsky.feed.post/3mc6pqu3yi22e,2026-01-11T23:50:50.519Z,"Oh sweet Jesus, have I not suffered enough?!?",0,9
at://did:plc:z4dia3ewbqsspfgxqjbgoas6/app.bsky.feed.post/3mc674yzjd22g,2026-01-11T18:53:24.724Z,"My daughter at the Packer Backers Club last night in Greenville, SC texted me and asked if I ever had cheddar cheese on apple pie? The server offered it with her apple pie order. Have I ever had cheddar cheese on apple pie??? 🤣 There are rumors it used to be the LAW here in Wisconsin.",0,0
at://did:plc:la2rkg5tc522weds6zwq24wh/app.bsky.feed.post/3mc6efi6l7s2z,2026-01-11T20:27:37.763Z,"So, if I have one apple for sale now, next week I’ll need 2? Doesn’t this type of rule punish those who are already offering good foods?",0,0
at://did:plc:m5soh62ifdpq443v3rnjnfrm/app.bsky.feed.post/3mc6fye4i422a,2026-01-11T20:56:04.776Z,"11. Criminal - Fiona Apple ""I've got to make a play To make my lover stay So what would an angel say? The devil wants to knoooooow"" The extremely '90s video got me interested as a tenn, but I think this song has only grown on me as time goes on. #365songs song.link/us/i/309677247",0,5
at://did:plc:sj67wxulbri24cq3sbzswbkm/app.bsky.feed.post/3mc63zqa56s2j,2026-01-11T17:57:53.613Z,"PARENT: open up, here comes the aeroplane! BABY: if I don’t want that stewed apple shit you’re trying to feed me, I’m hardly gonna eat a fucking aeroplane, am I Barbara?",1,9
at://did:plc:zcqa746xa6fyk6i7o2xy74f6/app.bsky.feed.post/3mc6nvcrmps2m,2026-01-11T23:17:32.643Z,"Also just diced up cucumbers, radishes, celery, onion, black olives and put them in another container with a dressing I slapped together with olive oil, apple cider vinegar, and greek freak seasoning. Mixed it all up. Can mix this week with chicken and/or lettuce or pasta or chick peas. Lunch!",0,8
at://did:plc:pwamzw5am6kwpfzfvzpg2jbi/app.bsky.feed.post/3mc6g4unh4s2c,2026-01-11T20:58:36.318Z,"Finally able to complete my set of the Holbein luminous series! I bought half the pigments in Japan last year, but the other half were sold out. So I said ""I'll just wait til theyre introduced in the states to complete the palette"" Little did I know it would take over a year before I saw them again.",1,6
at://did:plc:34w6p2nygxpqkiqbkrnq56ip/app.bsky.feed.post/3mc6pdddqov22,2026-01-11T23:42:24.000Z,#NowPlaying 🕥 10:42 am 🎵 Running In Place 🧑‍🎤 Harvey Sutherland 💿 Debt 🎧 Apple Music / Spotify / YouTube Music 📝 Lyrics,0,0
at://did:plc:34w6p2nygxpqkiqbkrnq56ip/app.bsky.feed.post/3mc67tytdd726,2026-01-11T19:03:58.000Z,#NowPlaying 🕕 6:03 am 🎵 In Your Ocean 🧑‍🎤 Iron & Wine 💿 Hen's Teeth 🎧 Apple Music / Spotify / YouTube Music 📝 Lyrics,0,0
at://did:plc:o4ecksmehnakqdedkyskqdws/app.bsky.feed.post/3mc62bgroo22z,2026-01-11T17:26:24.656Z,"On January 11, 2005, Apple released the first-generation iPod Shuffle",14,81
at://did:plc:enfmtokariz6tq72fspjsijk/app.bsky.feed.post/3mc6fr2jjuc2r,2026-01-11T20:51:59.838Z,"1. 2-5 2. Yes, my 2 lovely partners 🥰 3. Controversial but blankies 4. The little oranges called cuties 🍊 5. Juice! Specifically diluted apple juice",0,0
at://did:plc:pvthrpmba5hlzdw6fcc6cgel/app.bsky.feed.post/3mc65syfyhk2w,2026-01-11T18:29:54.798Z,There is a lot Americans can learn from other peoples' struggles but this kind of apple to orange comparison is demeaning to both Americans and Iranians and a misjudgement of the different structures of oppression they face...,0,1
at://did:plc:wrsf35zye5xmlfaje5zyyega/app.bsky.feed.post/3mc63mdxlum26,2026-01-11T17:50:22+00:00,Apple sparks backlash after unveiling ‘nonsense’ new product: ‘This is ridiculous’ https://www.europesays.com/us/508964/ Apple is facing online backlash after unveiling what critics are calling an absurd new product: the iPhone Pocket.…#us #news #usnews,0,0
at://did:plc:4upuchmbqozc3mvuaqwydoxk/app.bsky.feed.post/3mc6dmboook2f,2026-01-11T20:13:32.090Z,So does that mean we can expect Flashover soon 👁👄👁 — SO soon. Thank the two Fuji Apple & Ginger Redbulls for fueling me yesterday. 🙂‍↕️ BESTIE I DON'T KNOW HOW I WENT FR tetratto.com/post/2688347...,0,3
at://did:plc:nye4ijkznhvpfovsfwnixere/app.bsky.feed.post/3mc6mizgras23,2026-01-11T22:52:46.455Z,Mías is so damn goood - that apple pie cheesecake whew,0,2
at://did:plc:34w6p2nygxpqkiqbkrnq56ip/app.bsky.feed.post/3mc6nlvkzmu25,2026-01-11T23:11:08.000Z,#NowPlaying 🕙 10:11 am 🎵 Setting Sun 🧑‍🎤 The Chemical Brothers 💿 Dig Your Own Hole 🎧 Apple Music / Spotify / YouTube Music 📝 Lyrics,0,0
at://did:plc:hso37lm3cbl3anf74u22iu4r/app.bsky.feed.post/3mc4n2fqp422o,2026-01-11T03:57:10.313Z,With no Apple pen this is a perfect time to rest while I wait for the new one . It’s good to rest to avoid burn out and to relax my mind . Maybe I can catch up on a show or Finally read some chapters of that book you boug- *SKETCHES 30+ THINGS ON PAPER WITHIN A 24 HOUR TIME FRAME*,5,130
at://did:plc:jgqor4r2vakvcvwten6ysxeh/app.bsky.feed.post/3mc67lanzik2o,2026-01-11T19:01:22.499Z,"In the early 80s, Apple absolutely owned the education market, at least in my part of the US, with the Apple II/II+/IIc. I didn't see a PC until I was in high school, and that was only in the business classes.",0,1
at://did:plc:34w6p2nygxpqkiqbkrnq56ip/app.bsky.feed.post/3mc5paxztrn22,2026-01-11T14:08:38.000Z,#NowPlaying 🕐 1:08 am 🎵 Music By Men 🧑‍🎤 Florence + The Machine 💿 Everybody Scream 🎧 Apple Music / Spotify / YouTube Music 📝 Lyrics,0,0
at://did:plc:extqxtsoc4q4qnbmwizooppn/app.bsky.feed.post/3mc5qibtz7i2k,2026-01-11T14:30:23.000Z,#NowPlaying 🕜 1:30 am 🎵 Last Man Standing 🧑‍🎤 Blusher 💿 Last Man Standing - Single 🌱 Triple J Unearthed 🎧 Apple Music / Spotify / YouTube Music 📝 Lyrics,0,0
at://did:plc:4checyrqhxpcbyimm357ouc2/app.bsky.feed.post/3mc5uckty4c2e,2026-01-11T15:39:40.030Z,"Slow Ride by the Beastie Boys, What I heard: ""I got cherry with the apple inside my sock..."" vs. Actual lyrics: ""I got the jammy with the ammo inside my sock...""",0,2
at://did:plc:hl5lhiy2qr4nf5e4eefldvme/app.bsky.feed.post/3mc5z2ltbg22k,2026-01-11T17:04:41.328Z,Way more than one bad apple.,0,3
at://did:plc:extqxtsoc4q4qnbmwizooppn/app.bsky.feed.post/3mc6q4dwpzs2n,2026-01-11T23:56:08.000Z,#NowPlaying 🕥 10:56 am 🎵 Our Greats 🧑‍🎤 3% 🎧 Apple Music / Spotify / YouTube Music,0,0
at://did:plc:extqxtsoc4q4qnbmwizooppn/app.bsky.feed.post/3mc63gqqrzx2y,2026-01-11T17:46:27.000Z,#NowPlaying 🕟 4:46 am 🎵 MOLLY 🧑‍🎤 Ecca Vandal 🎧 Apple Music / Spotify / YouTube Music 📝 Lyrics,0,0
at://did:plc:5pc6vlokqmn3fj64lxtiwvrk/app.bsky.feed.post/3mc5zvj4q7k2h,2026-01-11T17:19:44.463Z,"That depends on their corporate arrangements. Maybe overseas, like Amazon and Apple. You can also Google that. I used government data: check with your research.",0,0
at://did:plc:extqxtsoc4q4qnbmwizooppn/app.bsky.feed.post/3mc6j32dlj62v,2026-01-11T21:50:04.000Z,#NowPlaying 🕣 8:50 am 🎵 Afterthought 🧑‍🎤 Tame Impala 💿 Deadbeat 🎧 Apple Music / YouTube Music 📝 Lyrics,0,0
at://did:plc:qun2iysikl2iztihguibl2os/app.bsky.feed.post/3mc62ns62nc2x,2026-01-11T17:33:19.249Z,Accessible second-hand via the Apple TV app I think if you have a P+ subscription.,0,1
at://did:plc:dwaduijo6ngdgzmir5vovzrh/app.bsky.feed.post/3mc6fid2wrk2r,2026-01-11T20:47:06.805Z,Am thinking a lot about this terrible subject prepping for an upcoming @onwithkaraswisher.bsky.social pod in the wake of the heinous situation at Grok & the complicity of Apple and Google and this piece by Elizabeth Weil of @nymag.com is a must read and a gut punch. www.thecut.com/article/sibl...,37,224
at://did:plc:tq5l6yprfau3bigqadzxvhsx/app.bsky.feed.post/3mc4frvlhks26,2026-01-11T01:47:08.735Z,I just remembered it being very poorly written . apple,0,2
at://did:plc:7htu4sllpjxtmlyt2lxwmnq6/app.bsky.feed.post/3mc4iu3prhk2j,2026-01-11T02:42:03.502Z,I could probably cosplay her if it werent for those fuck ass candy apple accessories on her head.,0,0
at://did:plc:34w6p2nygxpqkiqbkrnq56ip/app.bsky.feed.post/3mc4j3okxim25,2026-01-11T02:45:16.000Z,#NowPlaying 🕜 1:45 pm 🎵 Backing Away 🧑‍🎤 Carla Geneve 💿 Don't Be Afraid 🌱 Triple J Unearthed 🎧 Apple Music / YouTube Music 📝 Lyrics,0,0
at://did:plc:utfpyjb4byeaukd5arfjjdi2/app.bsky.feed.post/3mc4ja446mx2w,2026-01-11T02:48:46.305502+00:00,"Apple Fritter auto sounds tasty for winding down and easing stress, pain, or a restless night for many folks 50+ when used gently. Nice work, Green Fox Farms. 🌿 MoodMatcher can help track how strains like this affect your sleep, mood, and comfort over time.",0,1
at://did:plc:yd3u7xfmxjahdt6agc4nltba/app.bsky.feed.post/3mc4kltfuic2g,2026-01-11T03:13:13.833Z,not even an apple tall 😭,0,8
at://did:plc:2tbv7t46dqon2mp4y5kzjwoq/app.bsky.feed.post/3mc4iir43422d,2026-01-11T02:35:43.273Z,Ahhh if I were to include my top 5 drinks that don't include water... (because water would be first if it was because we all NEED it lol) 1. Sparkling grape juice 2. Dr. Pepper 3. Capri-Sun 4. Apple Juice (will randomly become #1 tbh) 5. Red Wine,0,7
at://did:plc:icicxvrvp5ikcs3wnde3zrpt/app.bsky.feed.post/3mc4lldawo22h,2026-01-11T03:30:50.639Z,The short story A Voice After Hours is now available on Apple Books as an audiobook! #stories #youth #,0,0
at://did:plc:khvyd3oiw46vif5gm7hijslk/app.bsky.feed.post/3mc55ipdn5c2v,2026-01-11T08:51:30.001Z,"It’s cool how Apple made BSky have users verify they want to see mature content via browser, but they’re totally cool with Twitter being able to generate revenge porn in-app",9,42
at://did:plc:s4he5naupttydph64pv74iwf/app.bsky.feed.post/3mc5bbfszsk2n,2026-01-11T09:59:00.106Z,"(my Linux kneejerk response kicking in) ""H-how can you be a tech control freak and use apple products?"" I enjoyed my mbp back in 2011 mainly because of terminal and the wonderful homebrew. I played my music on it via foobar2000 running in wine, same way I play it on my Linux daily machine.",0,7
at://did:plc:zjjytxu5fr5zdkcm3n3po5nh/app.bsky.feed.post/3mc4w2a7cw22c,2026-01-11T06:38:08.176Z,The Podcast is now up on Apple Podcasts. I guess I have to get serious now. podcasts.apple.com/us/podcast/t...,0,0
at://did:plc:ewx6zuaz3c6xtt6nepfqpxhd/app.bsky.feed.post/3mc4mbljg222g,2026-01-11T03:43:17.499Z,Same with Inglorious Basterds outside of those two scenes (Christoph Waltz in the farmhouse and the one with Michael Fassbinder and Diane Kruger). Here’s Fiona Apple agreeing that Tarantino is a fool.,0,5
at://did:plc:34w6p2nygxpqkiqbkrnq56ip/app.bsky.feed.post/3mc5lqbdyxj26,2026-01-11T13:05:06.000Z,#NowPlaying 🕛 12:05 am 🎵 I WANT YOU 🧑‍🎤 Close Counters 💿 I Want You 🌱 Triple J Unearthed 🎧 Apple Music / YouTube Music,0,0
at://did:plc:2q7234gs55sxnrozxrdmdy2k/app.bsky.feed.post/3mc4a263adc2j,2026-01-11T00:04:23.617Z,I’m sure the wonderful-sounding apple butter has some special qualities!,0,1
at://did:plc:extqxtsoc4q4qnbmwizooppn/app.bsky.feed.post/3mc4blxrdwq2c,2026-01-11T00:30:12.000Z,#NowPlaying 🕦 11:30 am 🎵 Just Drive 🧑‍🎤 Molly Millington 🌱 Triple J Unearthed 🎧 Apple Music / Spotify / YouTube Music 📝 Lyrics,0,0
at://did:plc:2kqzngai66stv7f3brblivzs/app.bsky.feed.post/3mc4ekhjqs22m,2026-01-11T01:25:05.377Z,Same! Was just watching a cooking competition show where they were showcasing apples and I was like “DO APPLE CHEESECAKE”,0,1
at://did:plc:bhkm7ibg5km7qsum4mc23j6r/app.bsky.feed.post/3mc5ikiaats2m,2026-01-11T12:09:20.819Z,It’s wild that Apple and Google haven’t taken action.,0,0
at://did:plc:djy4kio46mfupkfx7kizwl35/app.bsky.feed.post/3mc5xqedbuk2y,2026-01-11T16:41:04.170Z,Making my kids apple slices with peanut butter like,0,2
at://did:plc:5asv56fpr7f5ztyd5sq7iru5/app.bsky.feed.post/3mc5xvtve6s23,2026-01-11T16:44:08.272Z,"Just ditched my Apple phone and watch. Even tho Cook is retiring, Apple is still snuggling up to Trump.",0,1
at://did:plc:rjqn3agdb74cszhqcpii4sne/app.bsky.feed.post/3mc5ypltupc2y,2026-01-11T16:58:32.249Z,"We would love to, but Apple charges $99 annually to have a developer account and we don’t have revenue to pay for that",0,1
at://did:plc:34jz3n47bju35dl4kkzxwkmt/app.bsky.feed.post/3mc5ytlo4fk26,2026-01-11T17:00:46.279Z,Oh that's weird. You'd expect the app to resize to fill the screen. Maybe the Apple version is a bit dodgy - get a proper tablet! 😉,0,2
at://did:plc:34w6p2nygxpqkiqbkrnq56ip/app.bsky.feed.post/3mc4tycl4vj2c,2026-01-11T06:00:43.000Z,#NowPlaying 🕔 5:00 pm 🎵 Beautifully Unconventional 🧑‍🎤 Wolf Alice 💿 Visions Of A Life 🎧 Apple Music / Spotify / YouTube Music 📝 Lyrics,0,0
at://did:plc:7sqx6hwav5rkygck7zvfegim/app.bsky.feed.post/3mc4oojmsdc2f,2026-01-11T04:26:19.210Z,Drinking margaritas at my local bar and I swear it smells like instant ramen in here and the bartender insisted it was a… cinnamon apple candle?,0,0
at://did:plc:2pakjleff2io566sbt4mjr5p/app.bsky.feed.post/3mc4q2cz6tk2w,2026-01-11T04:50:48.665Z,"Ahh yes I can almost smell the computer room in elementary school, those Apple II screens, with the one the teacher was using hooked up to a TV hanging in a corner of the room, Oregon Trail was alright, but there was this program where you could make a weather map... Sooo many hurricanes 😀😂",0,0
at://did:plc:23lfld6afo3ymnjtscqa3r2t/app.bsky.feed.post/3mc5366bn4am2,2026-01-11T08:09:46.000Z,Funny to think: about a year ago I was a dedicated #Apple guy and now here I am writing this on a cheap Lenovo laptop running #Linux Mint and playing with a 20+ year old Sony digital camera.,0,0
at://did:plc:jboqmskory36patql27ddwr5/app.bsky.feed.post/3mc54xv3vxk2p,2026-01-11T08:42:05.615Z,Oh ok. Apple as well? Everyone says Slow Horses is excellent.,0,1
at://did:plc:v5fkfdoikzijqwm6gos72ktd/app.bsky.feed.post/3mc5e576la22n,2026-01-11T10:50:20.153Z,"Much like Apple and Google allow cross platform detection of trackers for free, I think it’s fair (and financially beneficial to Tailscale) that Tailscale should allow all plans to block unapproved tailnets via MDM.",0,0
at://did:plc:ghlnekhq3p2dx3ero77cg4kk/app.bsky.feed.post/3mc6hghkwfs2u,2026-01-11T21:21:51.899Z,"I think I use that apple lossless format, flac too big",0,0
at://did:plc:lz53vdkjqexeqipseg7xfxoj/app.bsky.feed.post/3mc6obkhdt22y,2026-01-11T23:24:23.349Z,"Spotify limits developer accounts to invite-only (max 25 users), unless you're a business with 250K(!) MAU, so I don't know where Spotify support will go with this project. If you're on Apple Music, its another story and I'd be happy to send you an invite!",0,0
at://did:plc:gugltuusdf2xfmby7w3grtsd/app.bsky.feed.post/3mc6cehi7i22s,2026-01-11T19:51:15.981Z,"📣 NEW EPISODE In this episode, Josh and Brandon review the final issue of Archie vs. Minor Threats with co-writer @comicbooktimmy.bsky.social 🎧 Listen and subscribe wherever you get your podcasts. Spotify: tinyurl.com/3bvn99rt Apple Podcasts: tinyurl.com/2s7zkmp3",0,3
at://did:plc:7oskhnk3sbhgeucemc5p2gub/app.bsky.feed.post/3mc5oir4v622h,2026-01-11T13:55:45.478Z,"The stage is set, Yorkshire pudding wraps ready International Sunday Stuff Your Face Day and we are all. Apple and Cherry Crumble to follow...",0,0
at://did:plc:7l3ldot3miz45kqrqzudjbne/app.bsky.feed.post/3mc5ppwck3s2t,2026-01-11T14:17:39.540Z,"I like analogue watches. I also have an Apple Watch, and I like that too. But not enough to wear it alone. And I have two wrists 🤷🏻‍♂️😂",0,1
at://did:plc:34w6p2nygxpqkiqbkrnq56ip/app.bsky.feed.post/3mc5qk22ci723,2026-01-11T14:31:56.000Z,#NowPlaying 🕜 1:31 am 🎵 To Space 🧑‍🎤 Kings Of Leon 💿 EP #2 🎧 Apple Music / Spotify / YouTube Music 📝 Lyrics,0,0
at://did:plc:34w6p2nygxpqkiqbkrnq56ip/app.bsky.feed.post/3mc4jzzknmy2t,2026-01-11T03:02:31.000Z,#NowPlaying 🕑 2:02 pm 🎵 PRETTY GYAL 🧑‍🎤 COTERIE 🌱 Triple J Unearthed 🎧 Apple Music / Spotify / YouTube Music 📝 Lyrics,0,0
at://did:plc:5t3z7zuo2rbw4xhzyre2wclw/app.bsky.feed.post/3mc5rhak6pc2y,2026-01-11T14:48:35.769Z,"They had 2 for $2 Big Macs in my day when Big Macs still tasted decent. I could get that, fries and a coke and an apple pie and still have change.",0,2
at://did:plc:7p7c2wrlcuxciw5nzcflogva/app.bsky.feed.post/3mc5wsrwvbs2m,2026-01-11T16:24:31.819Z,"Dedicated to all of our dearly departed…A gorgeous remix of one of my piano compositions: “A Waltz in the Parallel Universe”. ❤️🎶 www.seamuskearneypiano.com On Spotify, Deezer, YouTube, Apple Music, Amazon, etc… #piano #pianomusic #pianist #originalmusic #newmusic",0,2
at://did:plc:f2cd5hso3evpebwrumwyhaut/app.bsky.feed.post/3mc4dmefgs22v,2026-01-11T01:08:15.457Z,"According to Kew Gardens: Apple seeds contain amygdalin, a chemical compound of sugar & cyanide. 1g of apple seeds contains around 0.6mg of cyanide, but the lethal dose of cyanide starts at over 50mg. So you’d need to eat nearly 100 apple seeds in one sitting to start putting yourself at risk!",0,1
at://did:plc:5o4wqef5vjpuixmq3oq6iqye/app.bsky.feed.post/3mc4ohqj73k2w,2026-01-11T04:22:31.551Z,grilled white thin bread with cheddar mayo apple slices cherry jam and butter all crispy and melty hot,0,0
at://did:plc:ijilltwtiekg5svj6ww3qxyg/app.bsky.feed.post/3mc4outqmzs27,2026-01-11T04:29:51.148Z,"He was referring to the politicians making the requests to Google and Apple. Silicon Valley's politics are exceptionally malleable towards whatever will be the most advantageous to them. Hence Altman being a Democrat donor, then later sucking up to Trump.",0,2
at://did:plc:kna67xq6ulkvibh32ykozt7a/app.bsky.feed.post/3mc4sskvd6k2h,2026-01-11T05:40:09.723Z,I want my spaceship to look like a furniture showroom from the 90s. Not an apple store.,0,1
at://did:plc:wsl3izzlkrtstcoytj6sjuld/app.bsky.feed.post/3mc6bfv5trc2b,2026-01-11T19:34:10.136Z,🎙️ [new interview] Fashion Grunge Library #5: a chat w/ Lauren of 90s Mags and More 📚 Apple: apple.co/4qzKPxc Spotify: bit.ly/3YYSRDT #podcast #printmedia #magazines #teenmagazines #90s,0,2
at://did:plc:sgrtblumx3cvm4vlslblh2ho/app.bsky.feed.post/3mc5yg2sme22t,2026-01-11T16:53:12.393Z,I’ve had apple from the beginning I’m not sure I could cope with the change,0,2
at://did:plc:34w6p2nygxpqkiqbkrnq56ip/app.bsky.feed.post/3mc5y6zqjef2c,2026-01-11T16:47:57.000Z,#NowPlaying 🕞 3:47 am 🎵 Northern Wind 🧑‍🎤 Daisy Kilbourne 🌱 Triple J Unearthed 🎧 Apple Music / Spotify / YouTube Music,0,0
at://did:plc:34w6p2nygxpqkiqbkrnq56ip/app.bsky.feed.post/3mc65ivkhgx2o,2026-01-11T18:22:45.000Z,#NowPlaying 🕔 5:22 am 🎵 Human 🧑‍🎤 The Killers 💿 Day & Age 🎧 Apple Music / Spotify / YouTube Music 📝 Lyrics,0,0
at://did:plc:nxpcjxwxix7vfdieyxuwruwq/app.bsky.feed.post/3mc65tkbfmk2e,2026-01-11T18:30:13.523Z,"My mom, in her 90s did her own research because she hated the idea of wearing a clunky thing around her neck. She found that having an Apple Watch was cheaper, no contracts, no subscriptions. She grew to love the watch, hated taking it off to charge it. The fall feature was great.",0,2
at://did:plc:extqxtsoc4q4qnbmwizooppn/app.bsky.feed.post/3mc6dcsfjkp2k,2026-01-11T20:07:34.000Z,#NowPlaying 🕖 7:07 am 🎵 Are We Too Bored To Be Sorry? 🧑‍🎤 Jem Cassar-Daley 💿 Are We Too Bored To Be Sorry 🌱 Triple J Unearthed 🎧 Apple Music / Spotify / YouTube Music,0,0
at://did:plc:34w6p2nygxpqkiqbkrnq56ip/app.bsky.feed.post/3mc637mkf6a24,2026-01-11T17:42:02.000Z,#NowPlaying 🕟 4:42 am 🎵 Sympathy Magic 🧑‍🎤 Florence + The Machine 💿 Everybody Scream 🎧 Apple Music / Spotify / YouTube Music 📝 Lyrics,0,0
at://did:plc:pjoyybcfo67s6mnytrqhqdyu/app.bsky.feed.post/3mc6h2ikie22t,2026-01-11T21:15:10.280Z,If you are wondering: York Peppermint Patties Buc-ees sour gummy bears Reillys Chocolate Pretzels from Medford ALDI Apple Pie sandwich cookies The Only Singluar Cheez-Its (cc: @auralfixation.bsky.social) Buc-ees candied nuts Gala apple from ALDI,0,4
at://did:plc:dnbjwzvw6hqllyqx2v3pc74e/app.bsky.feed.post/3mc6jybomm22r,2026-01-11T22:07:37.193Z,"The messaging on these Apple Watch ads is great and all, but if a sentient recliner is ever chasing me, the only running I’m gonna do is to a hardware store so I can beat that thing to death with a hammer",0,5
at://did:plc:h3wpawnrlptr4534chevddo6/app.bsky.feed.post/3mc6mq2feps25,2026-01-11T22:56:42.340Z,so not AirPods or AirPods Pro or the Apple Watch or M-Series Macs? None of those? Interesting.,0,0
at://did:plc:qarvl5cebt5agbibm5xhn35v/app.bsky.feed.post/3mc6pzvsolk2t,2026-01-11T23:55:54.278Z,Found faygo Friday and make a green apple soda float drink w it on Saturday(only could pour half a shot) Cotton candy I drank on its own-- nothingn i had went w it,0,0
at://did:plc:k7c4sstvsjwajr2arqlag3h6/app.bsky.feed.post/3mc52g6a6w22h,2026-01-11T07:56:23.728Z,Newer stuff I’d recommend: -BNA: Brand New Animal -Romantic Killer -Sugar Apple Fairy Tale -SK8 the Infinity,0,2
at://did:plc:oohdfzism72necbrofxp7y2v/app.bsky.feed.post/3mc5y4a4pzk2f,2026-01-11T16:47:42.423Z,Apple TV’s Dark Matter is very good like that. It follows through on its premise.,0,3
at://did:plc:uugsyz4zh423lwt56a5xrmig/app.bsky.feed.post/3mc4hm4brin6g,2026-01-11T02:19:41.915Z,"No, Apple Watch, I am not currently working out.",0,6
at://did:plc:extqxtsoc4q4qnbmwizooppn/app.bsky.feed.post/3mc5pwekjrr2j,2026-01-11T14:20:08.000Z,#NowPlaying 🕐 1:20 am 🎵 Stronger 🧑‍🎤 JACOTÉNE 🌱 Triple J Unearthed 🎧 Apple Music / Spotify / YouTube Music 📝 Lyrics,0,0
at://did:plc:lcukqchq45q4r5hxus7htbde/app.bsky.feed.post/3mc6ihv43ic25,2026-01-11T21:40:33.372Z,"With everything thats going on, this is the bullshit Apple puts in my news feed. Can we organize a nationwide strike already? I vote we do it on April 15. Dont file your taxes. Dont go to work.",0,0
at://did:plc:xmrlqcer5uhmy6ct3pf35oth/app.bsky.feed.post/3mc6j7lxbyc2v,2026-01-11T21:53:49.097Z,Apparently their pie tastes like pie? Wonder what their fries taste like.,0,0
at://did:plc:zwdlwd4gro4oadope5ql7lei/app.bsky.feed.post/3mc5vzlqqbc2g,2026-01-11T16:10:26.465Z,"I’ve seen these videos and that woman has the patience of a saint. Everyone called them floppies! Everyone! I have a vivid memory of asking a teacher why we called 3.5” disks floppy when they didn’t flop, and she proceeded to dig out a 5.25” for the single Apple II in the computer lab.",0,0
at://did:plc:5cd2ew4htemsjj665h65lhsh/app.bsky.feed.post/3mc5ywddnqk25,2026-01-11T17:02:18.199Z,This related homophobia. How dare anyone else be first.,0,1
at://did:plc:b5zdbc477osvflfxrcnjh23z/app.bsky.feed.post/3mc5dy4ktp226,2026-01-11T10:47:29.636Z,"VRChat players and Apple users, check out our new iOS app, PulseOSC — stream your real-time heart rate from Apple Watch into VRChat! apps.apple.com/app/id675742... Not affiliated with or endorsed by VRChat Inc. #VRChat #furry #iOS #AppleWatch #IndieDev",1,3
at://did:plc:idfqidh7c56rdrdovabztqcd/app.bsky.feed.post/3mc5ho5vps22s,2026-01-11T11:53:30.439Z,Dazai and Chuuya's warm sunny cup apple ballade 🍎,0,0
at://did:plc:wjljc54nads6ix5tlp4swebe/app.bsky.feed.post/3mc5hztuqs42j,2026-01-11T12:00:02.506534+00:00,"teckel Web3 API hourly update Eth price (USD): 3101.26 (-0.1% 1 hr, +0.3% 24 hr) Click for API details API keys via App: Apple App Store Google Play Store #teckel #eth",0,0
at://did:plc:34w6p2nygxpqkiqbkrnq56ip/app.bsky.feed.post/3mc5xw3uim725,2026-01-11T16:43:05.000Z,#NowPlaying 🕞 3:43 am 🎵 Citrus 🧑‍🎤 Juno Mamba & Rino 🎧 Apple Music,0,0
at://did:plc:oohdfzism72necbrofxp7y2v/app.bsky.feed.post/3mc5y4a4pzk2f,2026-01-11T16:47:42.423Z,Apple TV’s Dark Matter is very good like that. It follows through on its premise.,0,3
at://did:plc:rxzk3xsi4qewnu7yrl6ugyrh/app.bsky.feed.post/3mc62qesavk25,2026-01-11T17:34:45.894Z,"Try Apple Music free for 1 month Music apple.co/4q9hA4y Offer valid for new Apple Music subscribers only. After the 1-month free trial, subscription automatically renews at the standard monthly rate unless cancelled before the trial ends. Terms & conditions apply. Ad.",0,0
at://did:plc:34w6p2nygxpqkiqbkrnq56ip/app.bsky.feed.post/3mc4ctjrotx2c,2026-01-11T00:53:19.000Z,#NowPlaying 🕦 11:53 am 🎵 I Was An Eagle 🧑‍🎤 Laura Marling 💿 Once I Was An Eagle 🎧 Apple Music / YouTube Music 📝 Lyrics,0,0
at://did:plc:f64ppp2gzffic3ckccpl5lef/app.bsky.feed.post/3mc4bzhk4is2g,2026-01-11T00:39:47.480Z,"Yes, but if C.C. Wei is held with a gun at his head, what will he do? Also, being very generous, it would take 2-5 years to build replacement facilities to replace TSMC's Taiwan Fabs. What will Apple, NVidia, AMD etc.. do in the interim? Not sell any products?",0,0
at://did:plc:pavt775rsubl35v2xvktuzks/app.bsky.feed.post/3mc4im2u3af2f,2026-01-11T02:37:34.055277+00:00,#Haft #Maduro #New York #Big Apple 🗽 #Nicolás Maduro,0,0
at://did:plc:6kv7wc4rduhoem2ipvo5zo2x/app.bsky.feed.post/3mc6ht3ht3k2e,2026-01-11T21:28:55.423Z,I find if funny Apple blocks side loading and now has to sift through all the AI generated slop,0,0
at://did:plc:cweysc3thpa3tpuukyx5ya7l/app.bsky.feed.post/3mc6h2tnj5an2,2026-01-11T21:15:06.000Z,"2026 Hey Siri Songs - Day 11 ""Hey Siri. Play Interlude I Was Never Here by The Glass Child."" #Nite #HomePod #Music #TheGlassChild Apple Music: https://music.apple.com/gb/album/interlude-i-was-never-here/1458984942?i=1458984946 Spotify: https://open.spotify.com/track/5W3BNV04ejrdAgUUKlMCYE",0,0
at://did:plc:bcvtv32eu7z2b5rnnbq2vth7/app.bsky.feed.post/3mc6lqan54s2h,2026-01-11T22:38:55.140Z,"Violette Jean has updated her website: violettejeanbooks.com With lots of new stories in Ebooks on all digital platforms like Barnes and Noble, Apple, Kobo, Everand.... AND on paperbacks @Amazon, Barnes and Noble, Booktopia, Don't forget to leave a comment or a review!",0,0
at://did:plc:extqxtsoc4q4qnbmwizooppn/app.bsky.feed.post/3mc4bwowwkl2b,2026-01-11T00:36:57.000Z,#NowPlaying 🕦 11:36 am 🎵 Bohemian Like You 🧑‍🎤 The Dandy Warhols 💿 Thirteen Tales From Urban Bohemia 🎧 Apple Music / Spotify / YouTube Music 📝 Lyrics,0,0
at://did:plc:uugsyz4zh423lwt56a5xrmig/app.bsky.feed.post/3mc4hm4brin6g,2026-01-11T02:19:41.915Z,"No, Apple Watch, I am not currently working out.",0,6
at://did:plc:haxargyrwlzeloo5tf567kpk/app.bsky.feed.post/3mc4gdwngp22d,2026-01-11T01:57:13.829Z,"All they had to do was acknowledge what everyone saw. “A tragic mistake.” “A bad apple.” “But it doesn’t change our policy of immigration enforcement.” Then let the system play itself out as to whether Ross suffered any consequences. But they prefer to lie, knowing we know they’re lying.",7,33
at://did:plc:shuidoudznsg3rlbg2uiuinn/app.bsky.feed.post/3mc4mvtjuh22v,2026-01-11T03:54:36.996Z,The Apple sports app is perfect,0,0
at://did:plc:xmrlqcer5uhmy6ct3pf35oth/app.bsky.feed.post/3mc6j7lxbyc2v,2026-01-11T21:53:49.097Z,Apparently their pie tastes like pie? Wonder what their fries taste like.,0,0
at://did:plc:extqxtsoc4q4qnbmwizooppn/app.bsky.feed.post/3mc5pwekjrr2j,2026-01-11T14:20:08.000Z,#NowPlaying 🕐 1:20 am 🎵 Stronger 🧑‍🎤 JACOTÉNE 🌱 Triple J Unearthed 🎧 Apple Music / Spotify / YouTube Music 📝 Lyrics,0,0
at://did:plc:34w6p2nygxpqkiqbkrnq56ip/app.bsky.feed.post/3mc4lihniao2k,2026-01-11T03:28:33.000Z,#NowPlaying 🕑 2:28 pm 🎵 Holy Moses 🧑‍🎤 Meg Washington 💿 Insomnia 🎧 Apple Music / Spotify / YouTube Music 📝 Lyrics,0,0
at://did:plc:extqxtsoc4q4qnbmwizooppn/app.bsky.feed.post/3mc4lm2t3sc2n,2026-01-11T03:29:15.000Z,#NowPlaying 🕑 2:29 pm 🎵 In My Heart 🧑‍🎤 The Grogans 🌱 Triple J Unearthed 🎧 Apple Music / YouTube Music 📝 Lyrics,0,0
at://did:plc:extqxtsoc4q4qnbmwizooppn/app.bsky.feed.post/3mc4rg2e3u223,2026-01-11T05:14:41.000Z,#NowPlaying 🕓 4:14 pm 🎵 Trinkets 🧑‍🎤 Ashnikko 🎧 Apple Music / Spotify / YouTube Music 📝 Lyrics,0,2
at://did:plc:tbi63v3dj3hjiq457imbgels/app.bsky.feed.post/3mc4d63rycg2b,2026-01-11T01:00:14+00:00,"Mamdani’s $4 M plan for providing ‘desperate’ New Yorkers relief: ‘self-cleaning’ public bathrooms https://www.europesays.com/us/507283/ He’s already being accused by critics of turning the Big Apple into a toilet, and now Mayor …#ny #nyc #newyork #nynews #nycnews #newyorknews #us #news #usnews",0,0
at://did:plc:34w6p2nygxpqkiqbkrnq56ip/app.bsky.feed.post/3mc4ftvq4cd2b,2026-01-11T01:46:18.000Z,#NowPlaying 🕜 12:46 pm 🎵 Wynona's Big Brown Beaver 🧑‍🎤 Primus 💿 Tales From The Punchbowl 🎧 Apple Music / Spotify / YouTube Music,0,0
at://did:plc:n4qxlew5soqpts52lnszov3d/app.bsky.feed.post/3mc5snmj3vl24,2026-01-11T15:05:25Z,Asahi Linux - Porting Linux to Apple Silicon https://lobste.rs/s/jbrnz8 #video #linux,1,1
at://did:plc:6jbykjht6bnpdywvpbgpu74p/app.bsky.feed.post/3mc5wzwqkas2m,2026-01-11T16:28:31.736Z,"Dedicated to all of our dearly departed…A gorgeous remix of one of my piano compositions: “A Waltz in the Parallel Universe”. www.seamuskearneypiano.com/links On Spotify, Deezer, YouTube, Apple Music, Amazon, etc… #piano #pianomusic #pianist #originalmusic #newmusic",0,3
at://did:plc:hjkbcoq2vcj4vhiebnqgiwdc/app.bsky.feed.post/3mc64ajjmvs2t,2026-01-11T18:01:41.468Z,I restarted my ACNH island when I got my new switch because I couldn’t bare the thought of trying to sort out my old one. Now I’ve found out the only way you can get all the fruits is to interact with other 😰people😰 Eugh. Anyone around who already has my friend thing could you post me an apple?,0,0
at://did:plc:opl2jt6tgvqyhcpy54pvidgh/app.bsky.feed.post/3mc64f642j22r,2026-01-11T18:04:17.237Z,"looking forward to the rooting now that i have some actual success under my belt. soil, water, willow water, rooting hormone, nothing worked before on any of my attempts for figs, cherry/pear rootstock or columnar apple scions (budded and died). hopefully 2026 is my year, keep those fingers crossed",0,1
at://did:plc:mnimgpk6a7b7o6ptg76g2wng/app.bsky.feed.post/3mc67xtdv5k2y,2026-01-11T19:08:24.742Z,Another invisible upgrade to MacPaint: pressure sensitive brush. I forgot this was included on mouse events in macOS. So now I can move a MacPaint window over to my iPad and draw on the canvas with my Apple Pencil. I use MacPaint's gradient patterns as a mask against the selected pattern. 😄,0,6
at://did:plc:bfnnv5kta4yusj5rsc5ipdaa/app.bsky.feed.post/3mc6bdgwo7c2d,2026-01-11T19:32:48.122Z,There are a few different wassails including a kind of door to door carol singing. But the one I was at asks the good tree spirits for a good apple crop and wards off the evil spirits. We hang bread on the branches and pour cider on the roots of the trees. Goes back to medieval times,0,2
at://did:plc:pjmazhb4lhwufg6426jygfti/app.bsky.feed.post/3mc5rpoyvus2p,2026-01-11T14:53:19.367Z,"This morning on #WatchTheMedia Luke Mullin of the Lincoln Journal Star. @journalstar.com 10:00 a.m. CT. KRNU 90.3 FM Listen: www.nebraskanewsservice.net/90_3_krnu/ Next week Adam Krueger of KMTV Channel 3 in Omaha. All the WTM interviews on Apple, Spotify and here: www.youtube.com/@WatchtheMed...",0,2
at://did:plc:ufd7s343df6cjk5bu7agxedh/app.bsky.feed.post/3mc5udffyck2b,2026-01-11T15:40:07.882Z,Apple News is useless.,0,3
at://did:plc:flpfwd36ahipuslvlnnfciep/app.bsky.feed.post/3mc5zscfcx22q,2026-01-11T17:17:56.740Z,"Make groups of 4 terms that fit a common theme. But make sure it's the correct group - go the remaining terms need to also fit in groups of 4. For example, if you have the following 8 words - leaf, apple, orange, pear, white, red, lemon, silver - & you put ""apple, orange, pear, lemon"" together...",0,2
at://did:plc:34w6p2nygxpqkiqbkrnq56ip/app.bsky.feed.post/3mc5qcvyt6w2q,2026-01-11T14:27:09.000Z,#NowPlaying 🕐 1:27 am 🎵 Run The Wild Flowers 🧑‍🎤 Friendly Fires 💿 Inflorescent 🎧 Apple Music / YouTube Music 📝 Lyrics,0,0
at://did:plc:7eyncsuxzngd5ujjo57jxynr/app.bsky.feed.post/3mc5qopuqqs2y,2026-01-11T14:34:52.983Z,"IF in a crowd of otherwise peaceful protesters one “bad apple” begins violence, THEN police have the legal authority to arrest all of them… THEN What happens to a group of LEO when one “bad apple” of them begins violence???",0,0
at://did:plc:v5m4vhj6t357fmkhv6jmovzv/app.bsky.feed.post/3mc6c5tibk22h,2026-01-11T19:47:33.697Z,"I propose sending a new golden record into space that contains 10 versions of ""Bad Apple""",0,1
at://did:plc:rhixakjtzrp6yvslxjhss4zp/app.bsky.feed.post/3mc5j25mpp22d,2026-01-11T12:18:06.565Z,Don't buy anything from corporations that are funding war. Some will be hard. Apple? I can dump Amazon. Choose locals that you find are community minded. I can leave Home Depot. The entire corporate model serves itself.,0,0
at://did:plc:v6xd7qcm4tsgb4ndo547vh4n/app.bsky.feed.post/3mc63wzje7s2d,2026-01-11T17:56:22.689Z,"The Basketball Jones unaired pilot episode (Jan. 11, 2006) YouTube 📺: bit.ly/4sA0caB Apple 🍎: apple.co/3CUsJOD Spotify ✳️: bit.ly/44kso6Y",1,27
at://did:plc:eq4to4fujg2ynclddr5uzr4o/app.bsky.feed.post/3mc5erivygc2b,2026-01-11T11:01:41.434Z,𝗛𝗔𝗪𝗔𝗬 𝗧𝗛𝗘 𝗣𝗢𝗗𝗖𝗔𝗦𝗧 🎙️ James Copley from the Sunderland Echo joins us to help dissect Sunderland’s FA Cup victory vs Everton! 🏆 APPLE: tinyurl.com/ye27puh8 SPOTIFY: tinyurl.com/2a49fbuj Linktr.ee/RokerReport | #SAFC ❤️🤍,0,0
at://did:plc:34w6p2nygxpqkiqbkrnq56ip/app.bsky.feed.post/3mc56tacep72t,2026-01-11T09:13:00.000Z,#NowPlaying 🕗 8:13 pm 🎵 PLAINTIVE NATIVE 🧑‍🎤 BIG SPECIAL 🎧 Apple Music / YouTube Music 📝 Lyrics,0,1
at://did:plc:hjj5n64sujvlaepwtjfo27sy/app.bsky.feed.post/3mc6j55dl2k2o,2026-01-11T21:52:26.667Z,big apple if true apple,0,2
at://did:plc:rx4wc56pobkpxmtyjy7lllcq/app.bsky.feed.post/3mc6mlzujfc2g,2026-01-11T22:54:27.570Z,Yes especially when I know wtf I typed but Apple had other plans,1,3
at://did:plc:bxygfvmczgpiz7a4zmhonyrs/app.bsky.feed.post/3mc6aulxo222x,2026-01-11T19:24:30.081Z,eating a sliced up apple without paying attention just now and took a big bite of a napkin,0,12
at://did:plc:xymebuttsuiqv7q3azbw4eyo/app.bsky.feed.post/3mc6m2dkyps2o,2026-01-11T22:44:33.763Z,"Look for the 1st single from the NEW Sidereal Days (Day 2) album, “I Stayed,” on 1/23/26. This link to all streaming services billscorzari.hearnow.com/i-stayed is also good for Apple Music preorders and iTunes preadds closer to 1/23. Spotify presave here today: show.co/dKcgrFL billscorzari.com ☮️❤️🎶",0,0
at://did:plc:c7xufa7udrnxvu6xkbtjdipw/app.bsky.feed.post/3mc6niswhfs26,2026-01-11T23:10:33.370Z,Apple store is a strange place because by now everyone knows what an iPhone is and does. What are they talking about in there?,0,2
at://did:plc:ybbiy4w7zkngubrwarzizgv6/app.bsky.feed.post/3mc5jvgqrq225,2026-01-11T12:33:18.559Z,Prompts: Feb 1–7: Snowdrops – Nocturnal Feb 8–14: Stars – Quilt Feb 15–21: Crocus – Frost Feb 22–28: Sparkling – Robin,16,90
at://did:plc:mukvwpq6rqelohr6te6e6znr/app.bsky.feed.post/3mc63sbnzov2r,2026-01-11T17:53:43.408702+00:00,Frieren: Beyond Journey's End lanza tráiler con un adelanto del opening de Mrs. GREEN APPLE para la temporada 2 https://crunchyroll.com/es-es/news/latest/2026/1/11/frieren-beyond-journeys-end-2-anime-mrs-green-apple-opening-song-trailer-hero-of-the-south,0,0
at://did:plc:jdum3zo5iqmx4gcnt5vuy7s4/app.bsky.feed.post/3mc63aeatek2w,2026-01-11T17:43:42.193Z,"There's a current HN item on a post from 2023, about a dead weather app which was acquired by Apple. The post shows all the places where it deviates from industry ""best-practices"". 2023 will be ""peak software"" for some years to come - because nobody is _thinking_ about software anymore",0,2
at://did:plc:ohgy2fg7tx37he7nxvtf6c73/app.bsky.feed.post/3mc65yqwgts2m,2026-01-11T18:33:08.276Z,looked into it but the apple watch does not personally connect a live person if you need help.,0,1
at://did:plc:hwz2xrizkdxrqfsquaw7bcsd/app.bsky.feed.post/3mc56etlmmc2x,2026-01-11T09:07:13.982Z,so which music streaming services other than apple music are the good ones these days?,0,3
at://did:plc:lgmglmn3ru6hk3dwmlzjx2sm/app.bsky.feed.post/3mc5mv4i33nz2,2026-01-11T13:26:24.000Z,Working on USB4 for #AsahiLinux and documenting the various components right now. Here's a simplified ASCII drawing:,0,1
at://did:plc:7eyncsuxzngd5ujjo57jxynr/app.bsky.feed.post/3mc5qtjtrs22y,2026-01-11T14:37:34.433Z,"IF in a crowd of otherwise peaceful protesters one “bad apple” begins violence, THEN police have the legal authority to arrest all of them… THEN What happens to a group of LEO when one “bad apple” of them begins violence???",0,0
at://did:plc:kaui5ngiep7ssb4iqqq6htuu/app.bsky.feed.post/3mc5upkwz622u,2026-01-11T15:46:56.337Z,Apple Watches ?,0,0
at://did:plc:sedpmpyv3mtuehbilolcy66s/app.bsky.feed.post/3mc4stp6v422e,2026-01-11T05:40:47.773Z,Hector and Jasper! I drew this as secret Santa art for my friend! #art #furry #furrysfw #rabbit #bunny #apple,0,13
at://did:plc:extqxtsoc4q4qnbmwizooppn/app.bsky.feed.post/3mc4swcj57d2y,2026-01-11T05:41:00.000Z,#NowPlaying 🕟 4:41 pm 🎵 The Scythe 🧑‍🎤 The Last Dinner Party 💿 The Pyre 🎧 Apple Music / Spotify 📝 Lyrics,0,0
at://did:plc:klpac3fdmms5reb3zcmuijte/app.bsky.feed.post/3mc5a7ucx7c27,2026-01-11T09:40:14.450Z,"My ""Cute 1 Minute Workout App"" iOS Development Diary Step 16: I purchased my Apple Developer License 🎉 Eventhough it's pricy, it felt good to bring the work of the last 2 months clother to life. Also I wondered how $99 became 99€ – the USD seems to be very strong 😅 #BuildInPublic #IndieDev #iOS",1,7
at://did:plc:wjljc54nads6ix5tlp4swebe/app.bsky.feed.post/3mc4tw4grfd2c,2026-01-11T06:00:02.430080+00:00,"teckel Web3 API hourly update Eth price (USD): 3094.87 (+0.0% 1 hr, +0.4% 24 hr) Click for API details API keys via App: Apple App Store Google Play Store #teckel #eth",0,0
at://did:plc:extqxtsoc4q4qnbmwizooppn/app.bsky.feed.post/3mc6fwvpek52b,2026-01-11T20:54:49.000Z,#NowPlaying 🕢 7:54 am 🎵 nobody (make me feel) 🧑‍🎤 oskar med k & Khalid 🎧 Apple Music 📝 Lyrics,0,0
at://did:plc:ezqykpasx3qayu7duku6mh4t/app.bsky.feed.post/3mc6ih5v6zk22,2026-01-11T21:40:09.046Z,"I’ve been tempted to use my handheld frother to blend hot cocoa mix with milk. Kratom is another option. Mix with either something sweet (apple juice, apple sauce) or sour (cranberry juice, lemonade) to mask the herbaceous flavor.",0,2
at://did:plc:u2qbuzf2nivmi2pawoxxbh7m/app.bsky.feed.post/3mc6kazxw6k2z,2026-01-11T22:12:31.091Z,"🧤SATF 384: Craig f****ing Gordon Scott McIntosh, Mark Donaldson & Laurie Dunsire review a remarkable afternoon at Dens Park YouTube: youtube.com/@scarvesaroundthefunnel Apple: podcasts.apple.com/us/podcast/s... Spotify: open.spotify.com/episode/4bID... Sponsored by FHMcDSigns 📸 James Christie",2,0
at://did:plc:aszl4zg4hywkr5h2bcmsbhns/app.bsky.feed.post/3mc4dh3egvk27,2026-01-11T01:05:18.214Z,"Apple could make an iPad that runs macOS but they would have to make macOS touch and pen friendly. It's one of the things Windows 11 actually has figured out, and is why I think a Surface is better than an iPad.",0,8
at://did:plc:fkvwu6h5r2d62r263swymozv/app.bsky.feed.post/3mc4apejvk22c,2026-01-11T00:16:15.036Z,Since I get to use my boyfriends old iPad I get to use procreate instead of my giant 32 tablet sometimes I gotta get used to procreate and Apple Pencil lol,0,1
at://did:plc:wrsf35zye5xmlfaje5zyyega/app.bsky.feed.post/3mc6lshbldk2o,2026-01-11T22:40:05+00:00,iPhone 17 Pro Max just got cheaper on Apple store – India Today https://www.europesays.com/us/509445/ iPhone 17 Pro Max just got cheaper on Apple store India Today iPhone 17 Pro available with big discount…#us #news #usnews,0,0
at://did:plc:extqxtsoc4q4qnbmwizooppn/app.bsky.feed.post/3mc6orgfets25,2026-01-11T23:32:24.000Z,#NowPlaying 🕥 10:32 am 🎵 moody 🧑‍🎤 Royel Otis 🌱 Triple J Unearthed 🎧 Apple Music / Spotify / YouTube Music 📝 Lyrics,0,0
at://did:plc:3puu5usvc7w4sq7qxx6drwpl/app.bsky.feed.post/3mc4vlwswns23,2026-01-11T06:30:08.571Z,"Well, the shit apple didn't fall far from the shit tree www.lgbtqnation.com/2026/01/ice-... www.independent.co.uk/news/world/a...",0,4
at://did:plc:extqxtsoc4q4qnbmwizooppn/app.bsky.feed.post/3mc4vtdltuf2j,2026-01-11T06:33:13.000Z,#NowPlaying 🕠 5:33 pm 🎵 THICK SKIN 🧑‍🎤 Baker Boy 🎧 Apple Music / Spotify / YouTube Music 📝 Lyrics,0,0
at://did:plc:dyly547ydwxtu32cyxmpsjuu/app.bsky.feed.post/3mc5z5qmhhs25,2026-01-11T17:06:27.010Z,"This tune is the bane of my driving existence. I bought it via Tunes many years ago, but what Apple plays in the car is a cover version. It’s not the Flirtations, even though that’s still what the readout on the dash says. Apple appears not to have streaming licensing for it.",0,1
at://did:plc:wjljc54nads6ix5tlp4swebe/app.bsky.feed.post/3mc5ysbxyl32i,2026-01-11T17:00:02.464107+00:00,"teckel Web3 API hourly update Eth price (USD): 3125.97 (+0.4% 1 hr, +1.1% 24 hr) Click for API details API keys via App: Apple App Store Google Play Store #teckel #eth",0,0
at://did:plc:mnimgpk6a7b7o6ptg76g2wng/app.bsky.feed.post/3mc4dbu4k5s27,2026-01-11T01:02:22.843Z,Found a great tool that works on Mac OS 7.5 that rasterizes outline fonts and saves them as TrueType bitmap fonts that I can then load into MacPaint remake. So I now have Chicago in more than 12pt. Playing with a bitmap version of Apple Garamond as well.,0,2
at://did:plc:irh4h7zxcorfdagirr4mui4f/app.bsky.feed.post/3mc4dy2757c2n,2026-01-11T01:14:47.418Z,"People don't NEED Apple or Google and honestly if they're as sick of their shit as many of us are, they should be making every effort to get away from them completely. No, you don't NEED to use an Iphone or a MAC, there ARE alternatives that work just fine, go find them.",1,8
at://did:plc:fdpr27qre6e4dagpjqrt7zp5/app.bsky.feed.post/3mc4ix4y5622r,2026-01-11T02:43:45.489Z,Are we boycotting Apple TV right now? Just thought of this after signing up. 🫤,0,1
at://did:plc:nufgeia2bzthoseonkhprzzb/app.bsky.feed.post/3mc5oyb73rk2p,2026-01-11T14:04:24.235Z,Claudia Bouvette - Bite the Apple (Romantic Version) youtu.be/SdcHBpgAhGw?...,0,1
at://did:plc:34w6p2nygxpqkiqbkrnq56ip/app.bsky.feed.post/3mc5qrapxvb2x,2026-01-11T14:35:44.000Z,#NowPlaying 🕜 1:35 am 🎵 Don't Speak 🧑‍🎤 No Doubt 💿 Tragic Kingdom 🎧 Apple Music / Spotify / YouTube Music,0,0
at://did:plc:hbxvwu7gjofg6c3gvxvdeyhf/app.bsky.feed.post/3mc5qdcncpc2u,2026-01-11T14:28:30.009Z,"I found an incredible recipe for a sandwich of roasted sweet potato, apple coleslaw, sliced block feta and aioli on ciabatta, prep is a serious pain but it’s a profoundly delicious sandwich",0,0
at://did:plc:ndr7woj6a5357nhyv7w45qrb/app.bsky.feed.post/3mc5rowjen223,2026-01-11T14:52:52.108Z,"Senior Content Writer - Halfords (Redditch) Communications Lead Trust, EMEA - Airbnb Public Affairs Manager - Logistics UK Music PR Manager - Apple PR & Communications Executive - Malone Souliers Communications Manager - Booksy Communications Advisor - Mott MacDonald (Birmingham)",0,0
at://did:plc:t5zzbf7a254hq47ms2t5nnhj/app.bsky.feed.post/3mc5suqp2cs2n,2026-01-11T15:14:02.636Z,I bought me some turnips. I'll be playing more than usual next week because of the update! Figured why not grab some! 🤑 #AnimalCrossingNewHorizons #ACNH #AnimalCrossing,0,24
at://did:plc:yobhxpmleaounqmaaxpo4hox/app.bsky.feed.post/3mc54pxv5us2d,2026-01-11T08:37:40.098Z,"It was so warm yesterday. Today is absolutely freezing. 🥶 I had to make a quick run out to do some grocery shopping, and now am burrowed under my kotatsu.",0,6
at://did:plc:flpfwd36ahipuslvlnnfciep/app.bsky.feed.post/3mc5zvxhro22q,2026-01-11T17:19:59.505Z,"That's four fruits. But that leaves you leaf/silver/white/red which doesn't work. Swap leaf and orange - you have ""things that grow on trees"" (leaf/apple/pear/lemon) & colors (orange/white/red/silver)",0,1
at://did:plc:s6yp6jam5og3tftozaw7pjth/app.bsky.feed.post/3mc6ewanb7c2t,2026-01-11T20:37:00.282Z,"FWIW to other research nerds, the ability to get ad and navigation-stripped websites automatically in Evernote forwarding was one of the few things I missed switching to Apple Notes. PrintFriendly has proven a useful Chrome extension for that. www.printfriendly.com",16,61
at://did:plc:extqxtsoc4q4qnbmwizooppn/app.bsky.feed.post/3mc6hkrspby2c,2026-01-11T21:22:53.000Z,#NowPlaying 🕗 8:22 am 🎵 Big Shot 🧑‍🎤 Fool Nelson 💿 Bad Dreams 🌱 Triple J Unearthed 🎧 Apple Music / Spotify / YouTube Music 📝 Lyrics,0,0
at://did:plc:zs5qrqd6sk2ozndkypzaxx7l/app.bsky.feed.post/3mc6ak6yg2fbi,2026-01-11T19:18:40.929Z,I suggest getting a nvidea shield pro and use that instead of whatever is the new TV has. (Or an Apple 4K if you prefer Apple).,0,0
at://did:plc:extqxtsoc4q4qnbmwizooppn/app.bsky.feed.post/3mc6clm27jh23,2026-01-11T19:53:23.000Z,#NowPlaying 🕡 6:53 am 🎵 NOBODY'S GIRL 🧑‍🎤 Tate McRae 💿 SO CLOSE TO WHAT??? (deluxe) 🎧 Apple Music / Spotify / YouTube Music,0,0
at://did:plc:ze342uk73yy2yokjfygpjc2q/app.bsky.feed.post/3mc6djly5ws2n,2026-01-11T20:12:02.156Z,"A recipe test can also be a #GoodLunch! This is round 2 of quinoa and apple peel fritters recipe creation. The first round didn't have enough apple in it, so this time I went with an amount that felt over the top - it was not! This was the test but I did eat two more afterwards. :)",0,6
at://did:plc:45w5sqsavr5b5eewxcmg3reh/app.bsky.feed.post/3mc6ir2skhk2d,2026-01-11T21:45:41.358Z,Memo to Apple: how about testing Apple TV software updates before shipping? Nice video bug you shipped over the weekend…,0,1
at://did:plc:gnmqawmld64mlju47fb3vjly/app.bsky.feed.post/3mc4l25gj6k2t,2026-01-11T03:21:14.107Z,Upgraded to the iPhone 17 from a 14 and IT’S THE SAME FKN PHONE. Might be my last with Apple.,0,1
at://did:plc:extqxtsoc4q4qnbmwizooppn/app.bsky.feed.post/3mc4lgppsli2k,2026-01-11T03:26:40.000Z,#NowPlaying 🕑 2:26 pm 🎵 Don't Break 🧑‍🎤 Le Shiv 🌱 Triple J Unearthed 🎧 Apple Music / YouTube Music,0,0
at://did:plc:2hky57npkgoigdbsfdcqq2kt/app.bsky.feed.post/3mc5h2xanzjj2,2026-01-11T11:42:29.000Z,"Tim Cook and Sundar Pichai are cowards | The Verge https://www.theverge.com/policy/859902/apple-google-run-by-cowards > Once you’ve traded your principles for proximity to power, do you even run your own company?",0,0
at://did:plc:lwdsddbxxya25isfqkey76a7/app.bsky.feed.post/3mc4wzdlfjc2m,2026-01-11T06:55:31.905Z,"Incredible! Skilled agricultural employees have to buy all of their own equipment are not provided non slippery ladders i.e. $90. apple bag $35. clippers, etc. & barely make minimum wage. Goons get bonuses, new guns, tear gas, & smoke bombs just itching to use on us! www.snopes.com/fact-check/i...",2,2
at://did:plc:jf26a7dgps3fck4zc7anchdl/app.bsky.feed.post/3mc57wiiu7727,2026-01-11T09:34:59.987802+00:00,"記事の要約: 2026年1月10日現在、Apple公式サイトで整備済みのMac製品が販売されており、特にMac miniが80,800円から購入可能です。整備済製品は人気が高く、在庫は常に変動しているため、購入を希望する場合はこまめにチェックすることが重要です。整備済み製品は、Appleの厳しい検査基準と保証が付いているため、Amazonなどの他の販売サイトとは異なる点があります。詳細な比較を希望する方は、関連情報を参照することをお勧めします。",0,0
at://did:plc:jklfxy2cg6qfervjep77acib/app.bsky.feed.post/3mc5htolokc2g,2026-01-11T11:56:35.734Z,"On the whole I like Apple Weather, especially the bits they cribbed from the Dark Sky acquisition. But their 'Fees Like' temperatures are absolute bobbins, aren't they? Actual temperature 4C, feels like -6C. No not in the slightest, lads. 2-3C, maybe. Just consistently nonsense.",0,0
at://did:plc:3lbaghrivke5ycnq352hcuso/app.bsky.feed.post/3mc4xnbhqtc2e,2026-01-11T07:06:40.778Z,Only sometimes it is your TV which is honestly really confusing when your TV suddenly stops letting you sign into apple tv until some undefined Future time when they fix the problem,0,1
at://did:plc:ywtl7beqwfc6dpy5wwnrj2sf/app.bsky.feed.post/3mc5escg2vv2d,2026-01-11T11:02:03.698Z,Apple faces backlash over new feature called nonsense by critics. Innovation or misstep? Time will tell. #TechDebate,0,0
at://did:plc:34w6p2nygxpqkiqbkrnq56ip/app.bsky.feed.post/3mc4jgcv2ve25,2026-01-11T02:51:42.000Z,#NowPlaying 🕜 1:51 pm 🎵 Royalty 🧑‍🎤 Hermitude & Adrian Dzvuke 🎧 Apple Music,0,0
at://did:plc:c4s6cmtzbpjn2ogo7kzy772l/app.bsky.feed.post/3mc4npfrs6s2v,2026-01-11T04:08:54.992Z,"Europe needs to actually do something against these people (because all of this it at the whim of a few lunatics with a lot of power), starting with the corporations. They are behind him and are protecting him - start with X and Meta and Apple and Google. Nobody stands up to him and it continues.",0,0
at://did:plc:extqxtsoc4q4qnbmwizooppn/app.bsky.feed.post/3mc4okuciqc2k,2026-01-11T04:23:24.000Z,#NowPlaying 🕒 3:23 pm 🎵 SEEIN' STARS 🧑‍🎤 Turnstile 💿 NEVER ENOUGH 🎧 Apple Music,0,1
at://did:plc:6bbqpxj6bta6wnu57jdvzpnr/app.bsky.feed.post/3mc4tm55ulxt2,2026-01-11T05:54:24.000Z,"[Littlespace Ask Meme - 4] for snacks in littlespace i usually eat mostly healthy stuff; baby food pouches (pear and carrot is my fave), animal crackers, apple slices with peanut butter, baby carrots, pretzels, yogurt, stuff like that i can't really do sugar rn but if i could i would looove to […]",0,0
at://did:plc:24ejea66n42s3m5wbpl2khd3/app.bsky.feed.post/3mc5dlbaoak2u,2026-01-11T10:40:18.339Z,I was looking in my pantry for some apple cider and found a bottle of vodka buried in the back. I've never drank vodka and I definitely don't remember buying any. I wonder where it came from.,0,0
at://did:plc:zogpwgzz3pqzi4l5ry677cnp/app.bsky.feed.post/3mc5daxbzc22j,2026-01-11T10:34:32.352Z,"Oh also - a grilled cheese made with chopped chicken, chopped apple, and grated Havarti mixed with mayo as the filling. Serve with tomato bisque soup with added sautéed onion and cabbage.",0,2
at://did:plc:4wkqtiypp2c3lkekc3k237wz/app.bsky.feed.post/3mc6733smqs23,2026-01-11T18:52:20.536Z,Or... or... or... an eyeball with an apple pupil.,0,2
at://did:plc:vwegeh7ahwkqj7epe5ft37yi/app.bsky.feed.post/3mc6a6gt3wk26,2026-01-11T19:12:06.483Z,"OPEN LETTER TO TIM COOK: When ""Strong Security"" Isn't Enough Public: Please share this and my letter to help an activist get justice. ""I have been a loyal Apple customer my entire life. I bought into the promise that my data was a 'human right.' That loyalty almost cost me everything.""",0,0
at://did:plc:bbsy3mm2idukkhnpdqqmukz4/app.bsky.feed.post/3mc6k2weyzk2h,2026-01-11T22:09:06.006Z,what is in the water over at apple tv. why is every show a banger. how do i write like that,0,2
at://did:plc:edfbvcts65hs5722nzorjg4f/app.bsky.feed.post/3mc4jt7y5dk2z,2026-01-11T02:59:28.158Z,"AR glasses can become a huge market! Apple may struggle with both the hardware and AI software, and Google can come to dominate with Android XR. Huawei also could take a lot of market share outside the West. #AI #AR #XR #Smartglasses www.youtube.com/watch?v=G18b...",1,0
at://did:plc:34w6p2nygxpqkiqbkrnq56ip/app.bsky.feed.post/3mc4cbh3csh23,2026-01-11T00:43:28.000Z,#NowPlaying 🕦 11:43 am 🎵 Ngamaka 🧑‍🎤 Barkaa 🌱 Triple J Unearthed 🎧 Apple Music / Spotify / YouTube Music 📝 Lyrics,0,0
at://did:plc:34w6p2nygxpqkiqbkrnq56ip/app.bsky.feed.post/3mc4dbmrfdc2u,2026-01-11T01:00:39.000Z,#NowPlaying 🕛 12:00 pm 🎵 I WANT YOU 🧑‍🎤 Close Counters 💿 I Want You 🌱 Triple J Unearthed 🎧 Apple Music / YouTube Music 📝 Lyrics,0,0
at://did:plc:ijilltwtiekg5svj6ww3qxyg/app.bsky.feed.post/3mc4eqzosws27,2026-01-11T01:28:45.713Z,"This isn't in your usual wheelhouse, but here's Epic Games CEO and bad takes sufferer Tim Sweeney (Fortnite) decrying moves against Twitter/Grok as ""censorship"".",0,18
at://did:plc:tgp77jj2p6e7ldbwjoaxo6bd/app.bsky.feed.post/3mc4q24uvlk2a,2026-01-11T04:50:42.239Z,"The keyboard is good, but the Portrait Display is queen. It's one of maybe three Apple products I want but don't have.",0,1
at://did:plc:kgkmuz7k4jgpa7tj4v5niqiq/app.bsky.feed.post/3mc4osdsmlk2f,2026-01-11T04:28:27.322Z,Abby #106 There's another way to pick an apple! abbydogcomic.thecomicseries.com #Abby #webomic #dog #tail #apple #tree,2,7
at://did:plc:pxfickwy3p7cndh4t7cpjvij/app.bsky.feed.post/3mc4qro5vws2w,2026-01-11T05:03:52.112Z,"Probably. If we could make those components ourselves we would, so I assume they take it all. I also assume Google, apple, and the rest of the tech world get kicked repeatedly in the nuts by Europe.",0,2
at://did:plc:extqxtsoc4q4qnbmwizooppn/app.bsky.feed.post/3mc4rxwgnwj2l,2026-01-11T05:24:22.000Z,#NowPlaying 🕓 4:24 pm 🎵 The Real You 🧑‍🎤 Lyric 💿 The Art of Falling First 🌱 Triple J Unearthed 🎧 Apple Music / YouTube Music,0,1
at://did:plc:gpdeug2vdtzv6zidwod4wvre/app.bsky.feed.post/3mc6c5rdbjs2b,2026-01-11T19:47:31.436Z,⊱ ˚ ₊ ‧ ୨୧ ‧ ₊ ˚ ⊰ elf apple jack #mlp #mlpfanart #mylittlepony,6,19
at://did:plc:ho2ltsdi5dkwlwjkuajlxw7v/app.bsky.feed.post/3mc5hyfo7ms2k,2026-01-11T11:59:14.150Z,#entertainment #tv #AppleTV www.macobserver.com/news/apple-t...,0,3
at://did:plc:vdddwq5cybhaj3sfcoybjltl/app.bsky.feed.post/3mc5u2ihwxk2b,2026-01-11T15:35:09.102Z,Many will miss it on Apple TV.,0,2
at://did:plc:34w6p2nygxpqkiqbkrnq56ip/app.bsky.feed.post/3mc5ubuq4qk2a,2026-01-11T15:38:06.000Z,"#NowPlaying 🕝 2:38 am 🎵 Everything, In Time 🧑‍🎤 Ella Eyre 🎧 Apple Music / Spotify / YouTube Music 📝 Lyrics",0,0
at://did:plc:r4jjystddeebnttzbx4cgi43/app.bsky.feed.post/3mc54sbcz6s2i,2026-01-11T08:38:57.104Z,"Hi Ian. I get bronchitis breathing the smallest amount of pollution - smoke, dust, etc. Anyway not long ago, in desperation, I tried and found a tbl spoon of apple cider vinegar WITH THE MOTHER in a glass of water a couple of times a day really helps keep it at bay. Pls ignore this if it's annoying.",0,1
at://did:plc:34w6p2nygxpqkiqbkrnq56ip/app.bsky.feed.post/3mc5rk7xihd23,2026-01-11T14:49:34.000Z,#NowPlaying 🕜 1:49 am 🎵 FIGJAM 🧑‍🎤 Butterfingers 🎧 Apple Music / YouTube Music,0,0
at://did:plc:r4q4mxabyiouaqzgceotqvln/app.bsky.feed.post/3mc4p577az22s,2026-01-11T04:34:31.589Z,Cooked my fav (easiest) meal with some apple crisp uwu,1,26
at://did:plc:ilp5fdcewz2m2umt7qlw7zlt/app.bsky.feed.post/3mc5p5mb2rc2b,2026-01-11T14:07:25.014Z,"Living in the South 30 years, I loved me some King Cake, so how delighted am I to discover the Paczki? 😍 Yeast dough with a fruit-pie like filling, coated in powdered sugar or, as in this case an apple Paczki, cinnamon sugar. Only available til fat Tuesday. 😋 God bless the Polish!",0,2
