tweet_id,fecha_utc,contenido_texto,retweets,favoritos,fecha_limpia,puntuacion_sentimiento,sentimiento
at://did:plc:pfl3ztpq43fizj3djy6msz4s/app.bsky.feed.post/3mmkkhvshi22g,2026-05-23 23:00:14.742000+00:00,at the apple store,3,53,2026-05-23,0.0128,negative
at://did:plc:v5uwzmzhrwql5aogmvntx5q7/app.bsky.feed.post/3mmkjmzctu72r,2026-05-23 22:45:11.072000+00:00,Apple are hiring. **polishes cv**,3,30,2026-05-23,0.7666,positive
at://did:plc:ilpzctn6tforvjyixc37smcg/app.bsky.feed.post/3mmk3w4xtms2z,2026-05-23 18:39:45.893000+00:00,these should be a controlled substance frankly,33,824,2026-05-23,0.0052,negative
at://did:plc:n2vls4e3kc4c4ada2mglrd2e/app.bsky.feed.post/3mmk2w3ra422k,2026-05-23 18:21:50.886000+00:00,How I’d be movin in one of these,77,264,2026-05-23,0.788,positive
at://did:plc:hsfzdq3icftr7vdp4d7krv4t/app.bsky.feed.post/3mmk6ot7f5c2l,2026-05-23 19:29:22.001000+00:00,Apple is COMMITTED COMMITTED to making fantastic shows and movies and telling us NOTHING about them,14,120,2026-05-23,0.9532,positive
at://did:plc:miyfcgpibqt673k4gfqe6jzj/app.bsky.feed.post/3mmkdqaz3ek2y,2026-05-23 20:59:38.737000+00:00,Really been enjoying the #CrashTest album :> #illustration #fanart #jam2go #kasaneteto,29,103,2026-05-23,0.9866,positive
at://did:plc:mn7flcuds6qkduaxrzrdr4im/app.bsky.feed.post/3mmkklljjes23,2026-05-23 23:02:18.175000+00:00,"Stopped by the orchard to say Hello, Bees 🐝",8,53,2026-05-23,0.2186,negative
at://did:plc:iinsyl43bmzhikkujmzfedmt/app.bsky.feed.post/3mmklmdiv7k2w,2026-05-23 23:20:37.070000+00:00,Correctly identified apple cider donuts as proof that God loves us and wants us to be happy,0,23,2026-05-23,0.9981,positive
at://did:plc:3zanfaygum3vtcdncr3jmsf4/app.bsky.feed.post/3mmkmq7rr5k2w,2026-05-23 23:40:41.116000+00:00,"You guys. This show is GREAT. Sure, only two episodes in, but as someone who can barely sit through ANYTHING these days, this held my undivided attention. Funny. Thrilling. Perfectly paced.",5,60,2026-05-23,0.9999,positive
at://did:plc:xgxoucauaaremfkkojkmhnjj/app.bsky.feed.post/3mmkfo7ioqs2v,2026-05-23 21:34:17.526000+00:00,Brought in a few apple blossoms before rain 🌱🍎🌸,0,18,2026-05-23,0.9886,positive
at://did:plc:rqw4aavdz4sd7d2owfk7uqbz/app.bsky.feed.post/3mmkmb6hsts27,2026-05-23 23:32:16.435000+00:00,How are we into Year 3 of the apple deal and they still don't put 360 on the same stream as countdown?,0,28,2026-05-23,0.0011,negative
at://did:plc:aunpu65mdrhwfie7ynymlzeh/app.bsky.feed.post/3mmkkiq6ulp26,2026-05-23 23:00:42.123000+00:00,"Watch the full episode of The Focus Group at The Bulwark and YouTube, or listen on Apple Podcasts, Spotify or wherever you get your podcasts:",3,29,2026-05-23,0.0139,negative
at://did:plc:aquowtueytni53sqrcr27xvw/app.bsky.feed.post/3mmkmcqs45c2s,2026-05-23 23:33:09.194000+00:00,#3344 Straight up hoopin' it,21,87,2026-05-23,0.9982,positive
at://did:plc:cmyd7746zi3rrese6qyxg33i/app.bsky.feed.post/3mmkdr6fvss2m,2026-05-23 21:00:09.564000+00:00,Apple used to advertise here,1,16,2026-05-23,0.9305,positive
at://did:plc:cfoge2nfp6j4737wbtspnijx/app.bsky.feed.post/3mmkaypt7b227,2026-05-23 20:10:41.478000+00:00,Apple jack today and tomorrow :3c,1,17,2026-05-23,0.0952,negative
at://did:plc:zp4pzckkqibjc6pga6h24dbs/app.bsky.feed.post/3mmkacy4h2k23,2026-05-23 19:58:31.972000+00:00,"Just a thirst trap. Have a good weekend, fellas 😉",17,360,2026-05-23,0.9744,positive
at://did:plc:xbnsfdtxoothg654ujxe3p25/app.bsky.feed.post/3mmkcj4dmyk25,2026-05-23 20:37:45.218000+00:00,Sort of love how the SNCF make their tickets available to Android phone users with just one click but their design for Apple users is 'you like walled gardens so much? Download our app and only THEN can you add it to your apple wallet'.,0,24,2026-05-23,0.0722,negative
at://did:plc:izva6tdxggcnrzq47so27qhk/app.bsky.feed.post/3mmkiklh5bs2i,2026-05-23 22:25:57.068000+00:00,"Me: you're not going to read the book to the end till 2am K1: yeah, right, it's not like you've never done it Me: hmmfff. But also my point was that you needed to brush your teeth before *that* K1: hmfff. pot, kettle, apple, tree",0,71,2026-05-23,0.0081,negative
at://did:plc:gkgncnmhmnluxf3hd6bjuyf7/app.bsky.feed.post/3mmk5cbgquc22,2026-05-23 19:04:26.942000+00:00,More lupins! These ones are in my front and back gardens. 🩷🌱,43,732,2026-05-23,0.0329,negative
at://did:plc:o7v7zholrmgzjsvxc2grwvgd/app.bsky.feed.post/3mmjzwwf5nk2j,2026-05-23 18:04:25.038000+00:00,#touhou #東方Project,0,21,2026-05-23,0.0491,negative
at://did:plc:xbnsfdtxoothg654ujxe3p25/app.bsky.feed.post/3mmjt62ubi22y,2026-05-23 16:03:08.441000+00:00,What makes “apple pie” any more “American” than “fry bread”?,1,68,2026-05-23,0.0029,negative
at://did:plc:5zylmat6q7rnj2fdysxv52cj/app.bsky.feed.post/3mmjzoqmxks2b,2026-05-23 17:59:50.591000+00:00,apple spider vinegar,3,12,2026-05-23,0.0022,negative
at://did:plc:wwglh235maa3vztesxte6exa/app.bsky.feed.post/3mmjnlezqtk2v,2026-05-23 14:23:12.861000+00:00,Stay off the streets of the cursed apple (I wanted to play Rem :( ),3,85,2026-05-23,0.0022,negative
at://did:plc:sx3eayoile47ihewwq45lrt7/app.bsky.feed.post/3mmkijfjp7c2k,2026-05-23 22:25:17.301000+00:00,Some gorgeous blossoms at Wilmot Park,0,11,2026-05-23,0.9999,positive
at://did:plc:onml7z7zokql6t6jtxbiyntw/app.bsky.feed.post/3mmkapi2n2c27,2026-05-23 20:05:31.348000+00:00,Love the big apple shaped head on this beauty!,3,47,2026-05-23,0.9999,positive
at://did:plc:n2oqiw6d22czf7ggey6whuqh/app.bsky.feed.post/3mmjunhrays2w,2026-05-23 16:29:39.021000+00:00,swedish prawn toast,1,41,2026-05-23,0.951,positive
at://did:plc:5boijynjbphhn7nqbc55wt4w/app.bsky.feed.post/3mmjuckb5fk25,2026-05-23 16:23:32.551000+00:00,Guy who thinks Samsung and Apple ads are schemes to get Americans hooked on smartphones,3,25,2026-05-23,0.004,negative
at://did:plc:hbizd4k2uhfdtph5dwtfai2v/app.bsky.feed.post/3mmjwktnass2u,2026-05-23 17:03:58.304000+00:00,"The goat carries a castle on its back. From a distance, it looks like a model, the size of an apple box; if you get close, the castle suddenly towers over you. Many assume a mage misheard a request for a moat. Regardless, the castle has withstood all attacks for centuries. The goat wanderers on.",77,316,2026-05-23,0.8552,positive
at://did:plc:h5a5oallskiyr6f6x2iy7qvy/app.bsky.feed.post/3mmkhi5kgj22c,2026-05-23 22:06:41.644000+00:00,"This is the kind of shit I used to rail against at TheGamer before I eventually left, realising I couldn’t shine a rotten apple. I tried to meet them where they were, removing the human element and explaining it encourages sloppy work. They don’t care. They don’t give a fuck. Fuck Valnet.",2,64,2026-05-23,0.0002,negative
at://did:plc:hbizd4k2uhfdtph5dwtfai2v/app.bsky.feed.post/3mmjxmcg4fk2z,2026-05-23 17:22:41.095000+00:00,"The goat carries a castle on its back. From a distance, it looks like a model, the size of an apple box; if you get close, the castle suddenly towers over you. Many assume a mage misheard a request for a moat. Regardless, the castle has withstood all attacks for centuries. The goat wanders on.",66,233,2026-05-23,0.0867,negative
at://did:plc:5wilelxnydnfyhyywta34fvb/app.bsky.feed.post/3mmjthgylek2p,2026-05-23 16:08:23.155000+00:00,"Wanted an apple pie, but Dr Carl Sagan said, If you want to make an apple pie from scratch, you must first create the Universe. Who has time for that? Bought one at the store. #joke but true story",1,26,2026-05-23,0.0013,negative
at://did:plc:w5sqjillredclfq5ipadwmr6/app.bsky.feed.post/3mmk3yny5q22f,2026-05-23 18:41:10.835000+00:00,i can’t escape corgi’s 🥰 this one is so dang cute,2,22,2026-05-23,0.0836,negative
at://did:plc:bnokmh46ndqelhgwhbspsxnv/app.bsky.feed.post/3mmkc4r6cm22b,2026-05-23 20:30:50.855000+00:00,"TWO PIANOS (2025) Streaming: June 16, 2026 VOD/Digital (Apple, Amazon, Fandango at Home, etc.) #TwoPianos whentostream.com/arnaud-despl...",1,7,2026-05-23,0.0149,negative
at://did:plc:dflgxbqvn3f7udrfgfx222eu/app.bsky.feed.post/3mmjqmjlzls23,2026-05-23 15:17:32.435000+00:00,Teenage Engineering is the Apple of music hw. Elektron is the Linux.,0,19,2026-05-23,0.0146,negative
at://did:plc:rxdk3veck237nrekxbcz64x4/app.bsky.feed.post/3mmkgn6jlas2b,2026-05-23 21:51:36.695000+00:00,"That 2nd part was the original design of the ACA. Just keep moving those eligibility lines closer and closer together. Blanche Lincoln cut it out but if we hadn't lost the 2010 midterms, they could have taken another bite at the apple.",0,15,2026-05-23,0.041,negative
at://did:plc:snlbsicopvzitjokqeeo5jne/app.bsky.feed.post/3mmkmwydqw226,2026-05-23 23:44:28.205000+00:00,"Meanwhile, thinking about a novel gustatory experience I passed on:",0,8,2026-05-23,0.053,negative
at://did:plc:zykremnrsg4vlsgdo7g5ayfm/app.bsky.feed.post/3mmkf577dbs2s,2026-05-23 21:24:46.796000+00:00,"#ArtistFaveLP Cibo Matto - Viva! La Woman 6 - Apple From the closer to the opener, a seductive and hypnotic preparation for the brilliance we are about to experience. youtu.be/t5A3IBvKPwc",0,12,2026-05-23,0.9997,positive
at://did:plc:54hfphunsxjztuqvdngwlmy6/app.bsky.feed.post/3mmknjqids22u,2026-05-23 23:54:46.045000+00:00,Good ending,2,8,2026-05-23,0.9999,positive
at://did:plc:ex7yfjmpodu6ijhp4dyemvll/app.bsky.feed.post/3mmka7bysss2z,2026-05-23 19:56:28.124000+00:00,bro the second applelover blocked davo he changed his pfp from an apple to a sloth i WONDER why bro🫩🫩🫩..,1,11,2026-05-23,0.0002,negative
at://did:plc:wlkcgvtlbchtuwhekklgb35k/app.bsky.feed.post/3mmkmb3ypls2i,2026-05-23 23:32:13.844000+00:00,I’ve applied for the position of Apple Scruff.,0,10,2026-05-23,0.0043,negative
at://did:plc:bnokmh46ndqelhgwhbspsxnv/app.bsky.feed.post/3mmjtjd4ht22b,2026-05-23 16:09:26.194000+00:00,"MORTAL KOMBAT II (2026) Streaming: June 9, 2026 PVOD (Apple, Amazon, Fandango at Home, etc.) #MortalKombatII whentostream.com/mortal-komba...",1,22,2026-05-23,0.0175,negative
at://did:plc:hjnftvy2bqhs7ffh7nwii737/app.bsky.feed.post/3mmkaxjidik24,2026-05-23 20:10:01.270000+00:00,"Apple - working for the Putin regime to profit in Russia - removed 1,213 apps from the Russian App Store at the request of Roskomnadzor in 2025, according to the company's report. For comparison, in China, only 196 apps were removed during the same period.",11,40,2026-05-23,0.0005,negative
at://did:plc:knj5sw5al3sukl6vhkpi7637/app.bsky.feed.post/3mmjohucq7c2e,2026-05-23 14:39:08.410000+00:00,Apple 2026 MacBook Air 13-inch Laptop - M5 / 16GB RAM / 512GB SSD is $899.99 on Amazon amzn.to/4a5znDz #ad Costco buff.ly/4vW7rpY,1,29,2026-05-23,0.0027,negative
at://did:plc:lgknkhn45urciul65lglhl3v/app.bsky.feed.post/3mmjmqrbzak2x,2026-05-23 14:08:19.741000+00:00,(41) The apple of your eye 🍎 #pmd,6,13,2026-05-23,0.0424,negative
at://did:plc:x7vdixnkofzifeditgledlg2/app.bsky.feed.post/3mmkkndp7qk2y,2026-05-23 23:03:17.066000+00:00,Ancient illustration of mine - one of the last pieces I made while living in Brooklyn before moving to SF. I think this was used for the cover of Boston's Weekly Dig (before weekly newspapers died 🥲). ..Sometimes feel like my work peaked during this era. #illustration,5,40,2026-05-23,0.9861,positive
at://did:plc:v3ij4v5gr4ivsp4vj5vto65q/app.bsky.feed.post/3mmkc6ccl4222,2026-05-23 20:31:42.377000+00:00,Ate her apple?,0,2,2026-05-23,0.0188,negative
at://did:plc:3muvxjn43xcuzlxbk3b3ah7i/app.bsky.feed.post/3mmkm5leklk2v,2026-05-23 23:30:15.743000+00:00,"And like I can see it? Like ""God made this apple tree, and Who Are We to chop it in half and stick the top of a different apple on top?""",0,4,2026-05-23,0.0346,negative
at://did:plc:tbvzrzo6rn6llymq4vilcvja/app.bsky.feed.post/3mmjthvhhuk2g,2026-05-23 16:08:38.323000+00:00,"Ah, apple pie. So American that the first known recipe for it is in the 14th century English cookery book ‘The Forme of Cury’.",0,24,2026-05-23,0.1078,negative
at://did:plc:bzq5nqt3wu6in3orbz7nu7xk/app.bsky.feed.post/3mmkkfkbkns2q,2026-05-23 22:58:55.547000+00:00,guys the Apple demons got me (I’m an iphone user now),1,4,2026-05-23,0.0197,negative
at://did:plc:fyhpq3dldft26foexvzs5onr/app.bsky.feed.post/3mmjqi567tk2t,2026-05-23 15:15:05.181000+00:00,"Kobo, Kindle, Apple, & More Also available as paperbacks. kathysteinemann.com/lex #WritingCommunity #KathySWriter",8,9,2026-05-23,0.0074,negative
at://did:plc:nnxhr3khfxzc3i57jnwroe2c/app.bsky.feed.post/3mmjzqka32k2n,2026-05-23 18:00:50.974000+00:00,Nomowmay that most wonderful time of the year. Sat under the shade of an apple tree listening to the busy bees.,5,21,2026-05-23,0.9999,positive
at://did:plc:sdzwnojz744sigl47zndr7vo/app.bsky.feed.post/3mmj72zw2hk2o,2026-05-23 10:03:31.949000+00:00,"🐙 New updated (full piece) WIP on Patreon. Haven’t been able to touch my apple pen in two weeks so, ofc I had to give Achille some colours … #debergeracart #achilleandlucio #highseashenanigans #yaoi #monsterfuck",35,275,2026-05-23,0.0026,negative
at://did:plc:2f6vb3pusi3gvhaewoxr463o/app.bsky.feed.post/3mmkbunlq2k2o,2026-05-23 20:26:18.667000+00:00,"I don't know why I'm a weirdo like this, but I genuinely like walking and eating and eating on the move for some reason. Just waking somewhere munching on an apple or something...maybe a sandwich sometimes. Anything portable. Because eating that way works best with my ADHD body and mind tbh",0,16,2026-05-23,0.9298,positive
at://did:plc:37264ybw4xdhhmhfoh4mczgl/app.bsky.feed.post/3mmjap2o4jc2s,2026-05-23 10:32:37.563000+00:00,Ms. Stranger with Regulus & APPLe Reverse: 1999 Official Art,9,35,2026-05-23,0.8826,positive
at://did:plc:7y437neu26osr4tj64zsq7lj/app.bsky.feed.post/3mmkbzacx4s2o,2026-05-23 20:28:52.518000+00:00,And now for a truly silly (and honestly perhaps too self-absorbed) little quiz: what musician on my general favorites apple music playlist are your vibes most aligned with.,4,8,2026-05-23,0.0051,negative
at://did:plc:gthl7kdyryv5lylos55da747/app.bsky.feed.post/3mmkb3qamns26,2026-05-23 20:12:22.275000+00:00,"I directed a production of The Runner Stumbles at NU, and at one point my friend Martha sat center stage peeling an apple with one long peel, which was an old trick of hers. Which made the audience acutely if subtly aware that there was a working knife onstage. 1/",0,21,2026-05-23,0.0749,negative
at://did:plc:qt3jp2dt2prkja7tragumvou/app.bsky.feed.post/3mmk5jzvxdk2b,2026-05-23 19:08:47.516000+00:00,"May has been exceptionally warm, but the weather forecast is calling for a cold and rainy June. That's not good news for tomatoes and beans. For hubby’s brunch: cucumber, grapes, kiwi, melons, an omelette, apple, avocado, cherries, orange, cabbage.🍜",2,16,2026-05-23,0.0002,negative
at://did:plc:jlencxxcurwf3scbmetku54v/app.bsky.feed.post/3mmkgov2zqk2o,2026-05-23 21:52:33.891000+00:00,"Well, my hormones might behave now. In other news, it's a heatwave, so I have made apple crumble. Look, I had mincemeat and instant custard to use up. Also, I like crumble.",0,5,2026-05-23,0.0037,negative
at://did:plc:vjcnvepgxvfv7ba3jodtgyzk/app.bsky.feed.post/3mmjos6zwcs2j,2026-05-23 14:44:55.197000+00:00,Apple trees and a very cute house,0,12,2026-05-23,0.9999,positive
at://did:plc:lnpkal7sd5de347mulhp3wfh/app.bsky.feed.post/3mmju7tzygk2u,2026-05-23 16:22:02.138000+00:00,"It does, actually. That's exactly what it means. AGI is a lie the con men are using to get you to build that monorail in Springfield, dude. There was a paper from Apple on it this week. None of this stuff is thinking. It can't. That's not what it does. It is a language prediction trick. That's it.",18,71,2026-05-23,0.0004,negative
at://did:plc:habzlbcx2duld3tpj47kv6zz/app.bsky.feed.post/3mmk4uxgigs2n,2026-05-23 18:57:00.271000+00:00,apple girlington secret boss SHOULD be real because it would open a beautiful world of touhou deltarune crossovers. then people can argue if gensokyo is a type of dark world and such,1,13,2026-05-23,0.0506,negative
at://did:plc:k3nj5leqtugq4dh5sqrgmkqj/app.bsky.feed.post/3mmjwygifxs2a,2026-05-23 17:11:34.276000+00:00,This one goes along with my last post. Crank your volume up and listen to Mooch chewing her apple.🐶🍎😅,1,12,2026-05-23,0.0048,negative
at://did:plc:6hgx4pzt3hqazmnjizp63d62/app.bsky.feed.post/3mmk6t4zm3s2m,2026-05-23 19:31:46.513000+00:00,"1969’s winners of the UK’s Disc & Valentine readers’ poll: BBC DJ Tony Blackburn, two members of the Radha Krishna Temple sent by Apple Records to receive 2 awards for The Beatles, Lulu, Cilla Black, Cliff Richard and, crikey, a young David Bowie, the year’s brightest prospect.",4,16,2026-05-23,0.9994,positive
at://did:plc:di7epi7naqi3rharpcogc5sf/app.bsky.feed.post/3mmidivj2rc24,2026-05-23 01:50:12.321000+00:00,You know who's great? Fiona Apple,20,407,2026-05-23,0.9999,positive
at://did:plc:vtwv2edeyhasfqgd53x5yius/app.bsky.feed.post/3mmjo5pkz2c2y,2026-05-23 14:33:27.893000+00:00,"AIPAC, AI, and crypto groups are using ‘pop-up super PACs’ to hide their midterms spending from voters. Here’s what you should know. Listen on Apple: interc.pt/4dLeij1 Spotify: interc.pt/3Q13JAp Elsewhere: interc.pt/49jpRfY",27,36,2026-05-23,0.0013,negative
at://did:plc:7xyzj3wq3onpylavw5nptp6e/app.bsky.feed.post/3mmkb35o57s26,2026-05-23 20:12:03.107000+00:00,"I love white people Ford trucks, apple pies! Bald eagles Yeah, Cheetos, Doritos, Fritos Pringles, Kraft Singles, Slim Jims, Sierra Mist! Butter Crunch cookies, Sour Patch Kids!",0,6,2026-05-23,0.9962,positive
at://did:plc:4ponwpaw733blkh3no6gbfoa/app.bsky.feed.post/3mmkdetmp4k2n,2026-05-23 20:53:15.601000+00:00,Hi Rich! Here are my #5DebutAlbums9599 1-Neutral Milk Hotel 2-Belle & Sebastian 3-Olivia Tremor Control 4-Grandaddy 5-Supergrass NMs: Mojave 3 Modest Mouse Super Furry Animals Elastica Rachel's Fiona Apple Apples In Stereo MF Doom Air Spain Arab Strap Lauren Hill Daft Punk Cat Power Sparklehorse,0,10,2026-05-23,0.9748,positive
at://did:plc:lepezdg32dpnefx5nt3fbwb4/app.bsky.feed.post/3mmk6c23jos2q,2026-05-23 19:22:12.996000+00:00,"Woke to a day of delight. Cool, calm, apple blossoms, and Spring green. Cup of Joe, few words to my Askum. Out the door, camera and I. Birding goes harder for these eyes, what with fluttering leaves, and waning vision. Good walk though, down dappled lane. Soon home for 2nd cup!",0,16,2026-05-23,0.9989,positive
at://did:plc:mjmtrv5lvjfman4exuxqpkbz/app.bsky.feed.post/3mmkfazocj22x,2026-05-23 21:26:55.208000+00:00,Spotted in the wild today. No boots with the fur to be found.,0,6,2026-05-23,0.003,negative
at://did:plc:igkosjgelry2tdftqxqunuso/app.bsky.feed.post/3mmjpaatlxs2t,2026-05-23 14:52:46.832000+00:00,Painting of apples #art #painting #nature #apple #flower,2,20,2026-05-23,0.9794,positive
at://did:plc:lzyp6qjpmjwpqgszkplbju53/app.bsky.feed.post/3mmjogszics2i,2026-05-23 14:38:33.470000+00:00,"The Nike + iPod Partnership launched 20 years ago. A decade before the Apple Watch, this $29 shoe puck + iPod receiver kit enabled you to track runs, distance, pace, and calories on your iPod. Nike also sold special shoes with a built-in groove under the insole to hold the puck.",5,61,2026-05-23,0.0248,negative
at://did:plc:knhogooegtwtt5rdckiaiekp/app.bsky.feed.post/3mmjqmv33os2g,2026-05-23 15:17:44.459000+00:00,found these yesterday! they’re really good :3 i love when you can taste the different flavors,1,37,2026-05-23,0.9999,positive
at://did:plc:jujgyct2gmcfz6ono5cp5pyk/app.bsky.feed.post/3mmkjv4h4ek2j,2026-05-23 22:49:44.149000+00:00,"Trying to eat healthier, sooooo lunch!",2,19,2026-05-23,0.1852,negative
at://did:plc:h2ra2uv6teswq7jmkua5boji/app.bsky.feed.post/3mmkfwxoyms2v,2026-05-23 21:39:11.335000+00:00,"Eine detailliertere (und fundiertere) Analyse hat Patrick Boyle hier: youtu.be/IHD8BDFYyGI Boyle zeigt u.A. auch, dass SpaceX IPO Selbsteinschätzung vielleicht etwas irre ist, bedenkt man, dass sie nach ihrem Umsatz eher so groß wie Kellogg's und nicht wie z.B. Apple sind.",3,7,2026-05-23,0.0049,negative
at://did:plc:jcihtsbkgn422feyxigiwvrh/app.bsky.feed.post/3mmjnr2uh3c2d,2026-05-23 14:26:23.529000+00:00,"For 23.76% of Aeroflot I can offer you - - an old bottle top, a handful of gravel and half an apple. It’s a good deal. Take it, before I eat the rest of the apple.",0,10,2026-05-23,0.9991,positive
at://did:plc:aunpu65mdrhwfie7ynymlzeh/app.bsky.feed.post/3mmjkna624k2p,2026-05-23 13:30:33.361000+00:00,"Watch the full episode of The Focus Group at The Bulwark and YouTube, or listen on Apple Podcasts, Spotify or wherever you get your podcasts:",1,22,2026-05-23,0.0139,negative
at://did:plc:qsum5yk5qivt6givza7wxljd/app.bsky.feed.post/3mmkbtjztx223,2026-05-23 20:25:41.375000+00:00,You make a compelling argument,0,3,2026-05-23,0.9999,positive
at://did:plc:5x3iqtdrxfnqahc63737q5uu/app.bsky.feed.post/3mmkayje5bs2b,2026-05-23 20:10:34.699000+00:00,"Nope. Apple Tree Knits, 65 silk, 35 linen, 756 yds.",0,2,2026-05-23,0.0015,negative
at://did:plc:wwnqw7v6nenik5uizgftqhqa/app.bsky.feed.post/3mmj2lss2ds2l,2026-05-23 08:43:26.196000+00:00,I am aware that our car is equipped with Apple CarPlay but I do not want to learn how to USE it,0,64,2026-05-23,0.0004,negative
at://did:plc:knj5sw5al3sukl6vhkpi7637/app.bsky.feed.post/3mmjnqbdtak2e,2026-05-23 14:25:56.770000+00:00,Apple AirPods Pro 3 w/ 2 years of AppleCare+ is $199.99 at Costco buff.ly/1ru9rCn AirPods Pro 3 - $199: Amazon amzn.to/4m5u2PT #ad Best Buy buff.ly/fsJ3w5C Target buff.ly/pF1o4I8 Walmart buff.ly/pyXokfC,0,19,2026-05-23,0.0018,negative
at://did:plc:rilwzuxh74h65uqewbopldoh/app.bsky.feed.post/3mmjxkroqyc2u,2026-05-23 17:21:49.997000+00:00,"I had fun revisiting Apple Lisa and seeing how it has functions we’ll all recognize today, but with early names that are just odd and/or charming, for example: Select All Of Document Clear Lines Off Top Allow To Cross Pages Find What? Find Next Misspelling unsung.aresluna.org/lisas-copy-a...",4,38,2026-05-23,0.9967,positive
at://did:plc:7bfsc3jc2zwrxlxd33443kwt/app.bsky.feed.post/3mmjlzg36r22h,2026-05-23 13:55:16.236000+00:00,"Hey aphantasia is not the same as lack of imagination, please dont conflate those. I can’t visualize a full apple let alone rotate it, but I would never use AI generation. Those are two different things.",1,27,2026-05-23,0.2106,negative
at://did:plc:ldekhbxbj52e2dmwfha63hvd/app.bsky.feed.post/3mmjrqm66ws2o,2026-05-23 15:37:43.082000+00:00,"My old crab-apple is putting on a magnificent display this year, but there is not a single pollinator of any kind visible today.",3,13,2026-05-23,0.0116,negative
at://did:plc:ox54s6xib2chw2xey6e4is57/app.bsky.feed.post/3mmkcngboyk2p,2026-05-23 20:40:09.830000+00:00,Went to antique store wanting two colorful vases,0,15,2026-05-23,0.0316,negative
at://did:plc:5a2vlyamjbt7bdgxma7gyzu4/app.bsky.feed.post/3mmjdectd6s2k,2026-05-23 11:20:18.256000+00:00,Fiona Apple actually does what Kim Kardashian stans wish she did,3,12,2026-05-23,0.9996,positive
at://did:plc:4lsz3xwe3sjnd2quxzrekiz5/app.bsky.feed.post/3mmk7ar63jc2q,2026-05-23 19:39:23.840000+00:00,"Two garden firsts in one day. A Norfolk Hawker (Aeshna isoceles) and a Mother Shipton (Callistege mi), only managed a crumby photo of the latter! Did also see a (Comfrey Ermine) Ethmia quadrillella for only the 2 year running in the garden, which was much more obliging. #norfolkmoths #teammoth",2,33,2026-05-23,0.0099,negative
at://did:plc:weh7uyo62j4gmac3lwmymaar/app.bsky.feed.post/3mmkgopy2oy2s,2026-05-23 21:52:28.467000+00:00,"I think alot of people who fear monger about the LA Metro don't actually use it. We rode the subway all day today and it was safe, clean, on time, cheap and easy to use (tap card in the Apple Wallet!) And yes there were plenty of cops around who weren't needed. Face your fears, it's just a city 😭",2,20,2026-05-23,0.0134,negative
at://did:plc:esqu73unljhq2feaush2v33j/app.bsky.feed.post/3mmjmyl53222s,2026-05-23 14:12:41.725000+00:00,"I think he did this as a joke but also it touches a deeper desire of artists wanting to return to the apple core of simple creativity without the expensive fluff. The rebellion against polished AI slop is driving this too, inspiring a low-fi renaissance.",1,37,2026-05-23,0.9988,positive
at://did:plc:yjxjohckyzxwlgd6p3eomqyg/app.bsky.feed.post/3mmkn6y5n5s2f,2026-05-23 23:48:56.439000+00:00,We missed the farmer’s market this morning so we drove to the best fruit stand around and got fruit and bread and apple cider donuts and little squash gooses,0,6,2026-05-23,0.2403,negative
at://did:plc:tecyuckldu425jjgamxgkgqx/app.bsky.feed.post/3mmjl64raas2j,2026-05-23 13:40:00.503000+00:00,"While it is a poisoned apple of a wish, it would be wonderful if more games had the ridiculous scale of Daggerfall. There's a cruel beauty in desolate stretches of infinite forests with a million wolves, mountains that take in-game weeks to climb, giant metropoles filled with four hateful elves.",3,46,2026-05-23,0.9894,positive
at://did:plc:nywb5oene54cllowkfwouxzz/app.bsky.feed.post/3mmih2xe46c2d,2026-05-23 02:53:59.462000+00:00,Fiona Apple is a court watcher volunteer and bail reform advocate! One sometimes sees her at the courts in LA,61,516,2026-05-23,0.9977,positive
at://did:plc:2fz6cb5skwlpndswyo3pubgt/app.bsky.feed.post/3mmjzsumlss22,2026-05-23 18:02:08.991000+00:00,Graduation season is upon us and celebrity parents – from #ReeseWitherspoon to #Shaq – are ushering their mini-mes into new beginnings. ✨ 📷: Shaquille O'Neal/ Christy Turlington/ Apple Martin/ Jamie Lynn Spears/ Richard Kind/ Ione Skye/ Malaak Compton-Rock/ Noah Schnapp,1,9,2026-05-23,0.9996,positive
at://did:plc:fi5g5v5p2qnmumf5ixv24zgz/app.bsky.feed.post/3mmjk7jcjhc2w,2026-05-23 13:22:53.459000+00:00,"Stopped in Krispy Kreme on my way down to Rehoboth Beach. Top left lower right, cinnamon with apple filling, middle & lower left lemon filled (limited time only) and Hershey double chocolate rounding things out. The box will be empty by days end. Enjoy the holiday weekend folks.",3,39,2026-05-23,0.0015,negative
at://did:plc:3y6un7djfzvac2t7xscipbkl/app.bsky.feed.post/3mmjnxb4dxk2s,2026-05-23 14:29:51.404000+00:00,"Dear World, If I were you, I wouldn't be buying the Apple iPhone 17e. They added a chip, it comes from guess where? Isreal. You recall all the phones and pagers they blew up? What's to stop them from doing it, if Trump doesn't continue to do Isreal's bidding? Use imagination. And, common sense.",23,44,2026-05-23,0.0008,negative
at://did:plc:kibqfvq3va6zcdhy5pdmzodv/app.bsky.feed.post/3mmjyovlwck2b,2026-05-23 17:42:02.057000+00:00,Soon 2 launch podcast Dying 2 Live Living 2 Die C's Story Honest convo surrounding cancer grief/loss Awareness & education around brain tumours Interviews with the team at KCH & our patrons @ellygriffiths.bsky.social @matthew-wright.bsky.social podcast will be available Spotify & Apple Podcasts,4,9,2026-05-23,0.9935,positive
at://did:plc:bdzjbqgd2ojj3qkrhpbkzuxu/app.bsky.feed.post/3mmjvbuj72s2b,2026-05-23 16:41:03.484000+00:00,"If you haven't already subscribed to our weekly media podcast Power Lines on Apple Podcasts, please consider doing so now: podcasts.apple.com/us/podcast/p... It's totally free—and every additional subscriber helps us spread word about the show!",3,16,2026-05-23,0.0215,negative
at://did:plc:dmhwwm56iue63wss5o3unqw5/app.bsky.feed.post/3mmjq6inkzs2e,2026-05-23 15:09:41.675000+00:00,Just going to drop these little links here. For reasons. Direct: payhip.com/b/LnA5I Kobo: www.kobo.com/ca/en/ebook/... Apple: books.apple.com/us/book/the-... Paperback: payhip.com/b/XCVYa,1,8,2026-05-23,0.0012,negative
at://did:plc:ihnur2mfbm67s6tq3xdi6xjk/app.bsky.feed.post/3mmk6n2kz2c2i,2026-05-23 19:28:22.614000+00:00,"Cider. I've always disliked beer, wine is decent but a little too strong for me, then I heard about cider and thought ""that rocks I hope it's as good as it sounds, I love apple juice"". It was that good.",0,5,2026-05-23,0.9998,positive
at://did:plc:ky5mkemkqgbsr6aev5zmbgxs/app.bsky.feed.post/3mmk4rip2s22q,2026-05-23 18:55:04.157000+00:00,1’ | And we’re off 👏 Watch #STLvATX on Apple TV 📺 apple.co/4bUCkIH,0,12,2026-05-23,0.0014,negative
at://did:plc:6hfz4ii2wspwqsmoyut6oy26/app.bsky.feed.post/3mmkgbkgpps24,2026-05-23 21:45:06.532000+00:00,"The 14"" Apple Silicon MacBook Pros really are the end of history for a solid personal/work laptop. I've been riding this M1 for nearly five years and I think it'll last me 3-5 more years, easy.",0,5,2026-05-23,0.9593,positive
at://did:plc:j6jyf4ef6cfttsjlj3quhgqx/app.bsky.feed.post/3mmjm3ismqk2n,2026-05-23 13:56:26.164000+00:00,oil pastels for fun,3,7,2026-05-23,0.9999,positive
at://did:plc:j53elsjlcag3iuran5ezcy32/app.bsky.feed.post/3mmifxgsynk2f,2026-05-23 02:34:07.718000+00:00,i used to excitedly watch livestreams of apple announcements,4,83,2026-05-23,0.9974,positive
at://did:plc:3prmhuhkn47z7c4cuhxwwwzf/app.bsky.feed.post/3mmjx2rwyl22u,2026-05-23 17:12:53.394000+00:00,"Many subscribe to Paramount inside Amazon Prime Video Channels: Check your ""Prime Channels"" to see if you are paying for Paramount+ or standalone Showtime feeds. If you have kids, check Apple App or Google Play to cancel Noggin and Nick Jr. Premium Games.",1,10,2026-05-23,0.0011,negative
at://did:plc:yew55cbvx3hnlxyss22k4qgp/app.bsky.feed.post/3mmkajdjqvs27,2026-05-23 20:02:05.275000+00:00,"I am dropping Widow's Bay as not for me, but I am so fascinated by how Apple TV has it labeled as a mystery. Mysteries have solutions! This is supernatural horror.",0,5,2026-05-23,0.998,positive
at://did:plc:ythfo3hrlv4rcivbrarqrd7u/app.bsky.feed.post/3mmjs4qbb3s2z,2026-05-23 15:44:30.033000+00:00,“Guitar” 🎸 by $THC #thc mipic.co/thc #mipic #app #apple #music #musician #guitar #guitars #guitarist #merch #musthave #guitarists #streetwear #punk #rock #punkrock #rocknroll #rockandroll #sketch #tee #tees #shop #shopping #shopper #shoppers #shops #store #online #clothes #smallbiz #support #artists,5,12,2026-05-23,0.0036,negative
at://did:plc:dfzhwckzrnextc6pmzgtmzgp/app.bsky.feed.post/3mmkm2vlkqk2f,2026-05-23 23:28:45.794000+00:00,Idk where in MN you are but there’s one coming to Apple Valley soon,0,1,2026-05-23,0.0485,negative
at://did:plc:ix2f3msunwk55l5hme3q5swq/app.bsky.feed.post/3mmjvgrcaxk2k,2026-05-23 16:43:47.884000+00:00,bought some apples 🏳️‍🌈,0,32,2026-05-23,0.9944,positive
at://did:plc:kpqcdzgoatbogchhweymkbx2/app.bsky.feed.post/3mmkceczumk2g,2026-05-23 20:35:04.461000+00:00,"That’s the idea, Apple News",0,4,2026-05-23,0.9224,positive
at://did:plc:aunpu65mdrhwfie7ynymlzeh/app.bsky.feed.post/3mmj3l4ccq527,2026-05-23 09:00:56.065000+00:00,"Watch the full episode of the Bulwark Podcast at The Bulwark and YouTube, or listen on Apple Podcasts, Spotify or wherever you get your podcasts:",4,27,2026-05-23,0.0143,negative
at://did:plc:mqajgyexpdyfzojlwhp64fzi/app.bsky.feed.post/3mmjgdj6j422a,2026-05-23 12:13:32.584000+00:00,I’ve acquired a 2003 G4 Mirrored Drive Bay PowerMac and now Idk what to do with it! I’m a sucker for Apple vintage stuff.,0,10,2026-05-23,0.0046,negative
at://did:plc:2rp7kdfqdyouns6mdaasnbls/app.bsky.feed.post/3mmkdznlpbc22,2026-05-23 21:04:53.918000+00:00,I'd say that all my OCs have sweet tooth. 💚 Varissa loves an apple pie. 🧡 Maggie loves chocolate and strawberries. Emmrich knows this since Lucanis baked once chocolate 🧁 with 🍓 on it. 💜 Neri loves chocolate cookies 💙 Ishida loves pretzels in chocolate 💜 Vito loves anything with caramel. #daOCqotd,3,9,2026-05-23,0.9978,positive
at://did:plc:wweiz52g7q2ncyj3jzaufav4/app.bsky.feed.post/3mmiel2cvwc2y,2026-05-23 02:09:18.213000+00:00,I have a radio 📻 I have an Apple 🍎 UUHN! 💕✨ Radioapple ✨,11,129,2026-05-23,0.0161,negative
at://did:plc:64tsv6gzrch6uiy3dv2vj5lz/app.bsky.feed.post/3mmjchik5cs26,2026-05-23 11:04:11.166000+00:00,"I can guarantee you Apple knows this is happening and doesn't give a shit. The stolen cards are almost exclusively used on Apple products, and from my time working at JPMC, processing transactions for Apple, they HAVE to know. www.nhpr.org/nh-news/2026...",2,6,2026-05-23,0.0535,negative
at://did:plc:5jybvvrvjlf7tanid4qzcrha/app.bsky.feed.post/3mmk3m37m5222,2026-05-23 18:34:08.509000+00:00,Busch apple,0,1,2026-05-23,0.987,positive
at://did:plc:lwe7bz7i47zzgwshmrcqddsf/app.bsky.feed.post/3mmjxwo6rsc2e,2026-05-23 17:28:28.981000+00:00,2-4 Cavalry Book 1: A New Hope #Sciencefiction UK: amzn.to/3bZnMZb SWw Apple Kobo B&N Scribd Odilo Set in the Hammers Slammers universe US: amzn.to/2ZhSaGs Follow @kimjohnson562.bsky.social for more!,3,4,2026-05-23,0.0204,negative
at://did:plc:rvqnjzvqqkjj47sow523lyvm/app.bsky.feed.post/3mmkmcurr422r,2026-05-23 23:33:13.384000+00:00,You talmbout some “apple pie bake” and it tastes like pear and falling apart upon touching it. That’s villainous!,0,1,2026-05-23,0.0055,negative
at://did:plc:7zfp3tykhpnwia5oyhttrmds/app.bsky.feed.post/3mmk6kme5as2f,2026-05-23 19:27:00.599000+00:00,MEMORIAL DAY WEEKEND MUSIC VIDEO “My Country Tis’ Of The” {2017-SINGLE RELEASE-Solo Multitrack Rock} -Nicholas Jack Marino -STREAM & BUY at Apple-Amazon-Pandora-Spotify-YouTube Music-All Others YouTube LINK@ www.youtube.com/watch?v=q20x...,0,5,2026-05-23,0.029,negative
at://did:plc:lvwodiqbcwtvas6n4nfpkokt/app.bsky.feed.post/3mmilhqizjc2c,2026-05-23 04:12:43.458000+00:00,"While Apple may hate gaming, they are stuffing their computers with GPU cores now, and Steam OS can now be booted on the new Apple silicon models just fine.",0,30,2026-05-23,0.9562,positive
at://did:plc:bhlmerhaswsle22m24zpgewk/app.bsky.feed.post/3mmklaugqb22y,2026-05-23 23:14:12.172000+00:00,"@philzet.bsky.social's Crafting Fluid Animations Across Apple Platforms is now up. Phil, who works at OpenAI, gives a deep dive into spring animations, SwiftUI, Core Animation, display links, and crafting fluid UI motion. Filmed in spatial video, best viewed on Apple Vision Pro: vimeo.com/1194916003",1,1,2026-05-23,0.999,positive
at://did:plc:6lzrlvaclmseuoi37xeuq5jg/app.bsky.feed.post/3mmjynhj4x22l,2026-05-23 17:41:13.733000+00:00,"Baked some apple chips this afternoon. Two hours in the oven, four minutes to cool and crisp, one minute and twenty three seconds to scoff the lot 😑",0,3,2026-05-23,0.0025,negative
at://did:plc:y3bat4xb5srtsrknt7twpvy5/app.bsky.feed.post/3mmjzydfz5u2j,2026-05-23 18:05:12.189288+00:00,CARRYING FRUITS JR. (Source.),3,24,2026-05-23,0.9625,positive
at://did:plc:nvwuxllzzykojv3hj26jda3m/app.bsky.feed.post/3mmj73tzgtnnd,2026-05-23 10:03:59.324000+00:00,"This homemade power smoothie includes soy milk, bananas, avocado, dates, almonds and apple cider vinegar for the kick 🥑🍌🌿 #IBSrecipes #LowFODMAP #Glutenfree #Vegan #Vegetarian #FoodOfBluesky #RecipeOfTheDay #SelfCare #SelfLove #PhotoOfTheDay #Photography #PhotoDiary #PhotoJournal #LifeInPictures",0,11,2026-05-23,0.9746,positive
at://did:plc:7qqwoppmetiehu2euwrrmqhy/app.bsky.feed.post/3mmkfvojbn22f,2026-05-23 21:38:28.157000+00:00,"I used to be an apple person and then they just got insanely unaffordable. I'll be honest, I'm so android heavy I sort of crinkled my nose. But what tech company isn't evil at this point?",0,2,2026-05-23,0.0008,negative
at://did:plc:bx3lovbvspxsrotgz4srdigh/app.bsky.feed.post/3mmk6qchekg2f,2026-05-23 19:30:11.502008+00:00,"WAITER! WAITER! MORE GIRLS KISSING, PLEASE source (safebooru) #yuri #百合 #wlw #lesbian I am a bot! Check out my source code! Help keep yuri bot up! Buy me a Strawberry!",2,17,2026-05-23,0.0084,negative
at://did:plc:eddy2dldjvk4e2uw2wjqwhbu/app.bsky.feed.post/3mmkjbu2a3c2g,2026-05-23 22:38:57.834000+00:00,"We left early and got over to Wenatchee for a bike ride this morning on the Apple Loop Trail. I wish it was longer, but I still just love it. The part on the east side of the Columbia River is just awesome",0,2,2026-05-23,0.9999,positive
at://did:plc:tbig7qnx4o5ylp5v23w577vl/app.bsky.feed.post/3mmkatat72s25,2026-05-23 20:07:37.983000+00:00,It’s better! And dates from around the same time as the graham cracker recipe. The tartness of the apple sets off the sweetness of the rest of it. Obviously this is controversial for many people including my spouse but I stand by it.,1,11,2026-05-23,0.9995,positive
at://did:plc:tsz22aadigl4y5yb33ucnkw4/app.bsky.feed.post/3mmjidlites2l,2026-05-23 12:49:22.501000+00:00,"Good job, Apple Intelligence.",1,8,2026-05-23,0.9999,positive
at://did:plc:v6xd7qcm4tsgb4ndo547vh4n/app.bsky.feed.post/3mmjqhakpws2f,2026-05-23 15:14:35.183000+00:00,The Weekend Shift is BACK with seven takeaways from the Thunder's Game 3 road win in San Antonio + surprises and snubs from the '25-26 NBA All-Defensive Teams. ｎｅｗ ｎｏ ｄｕｎｋｓ YouTube 📺: bit.ly/4e4gKRZ Apple 🍎: apple.co/3CUsJOD Spotify ✳️: bit.ly/44kso6Y,1,9,2026-05-23,0.0127,negative
at://did:plc:gsky3wmjixg6aikpv3lnbzay/app.bsky.feed.post/3mmjxg4j54s2p,2026-05-23 17:19:13.573000+00:00,The change apple made to the podcast app a month ago still bewilder me… So transcripts are gone? I have no idea the order it is showing anything to me… why is a 2year old podcast inserted on my up next list? Where is the one for this week? Why did you auto play me a podcast I don’t follow?,0,13,2026-05-23,0.0002,negative
at://did:plc:7mmtqwumvslgp5lxrnf46roc/app.bsky.feed.post/3mmkmfe3tu22s,2026-05-23 23:34:36.553000+00:00,"Haven’t had the pleasure of this particular brand but yes, apple cider donuts, in general, should be classified as a controlled substance 😋",0,3,2026-05-23,0.0105,negative
at://did:plc:jthsdowfqvi3fngrlabcrvrv/app.bsky.feed.post/3mmkgimrrct26,2026-05-23 21:49:03.655248+00:00,"Diffusion models aren't the only path to high-quality image and video generation. STARFlow from @Apple combines autoregressive models with normalizing flows, hitting NeurIPS 2025 Spotlight and CVPR 2026 Highlight. 3B image + 7B video models, fully open. Details next tweet. #MachineLearning",0,5,2026-05-23,0.881,positive
at://did:plc:xupyxoiu3b2pieic5y7rbz2r/app.bsky.feed.post/3mmjg7c6qsp2h,2026-05-23 12:11:10.592717+00:00,Drop day energy! You know the drill 💋✨ #Shopify #Apple #Canva #Alibaba #Lovable,0,5,2026-05-23,0.9979,positive
at://did:plc:z5efhtji4vfiutzqquvx3w7o/app.bsky.feed.post/3mmjmkzb5v22w,2026-05-23 14:05:06.781000+00:00,"Apple is getting desperate for revenue, they are adding ads to Apple Maps. Hope they can turn it around. 😏",0,2,2026-05-23,0.1539,negative
at://did:plc:aunpu65mdrhwfie7ynymlzeh/app.bsky.feed.post/3mmiuvbwip425,2026-05-23 07:01:21.333000+00:00,"Watch the full episode of the Bulwark Podcast at The Bulwark and YouTube, or listen on Apple Podcasts, Spotify or wherever you get your podcasts:",4,31,2026-05-23,0.0143,negative
at://did:plc:dbbvwwaajfocj26j5eoge76a/app.bsky.feed.post/3mmkjdl6i522x,2026-05-23 22:39:55.645000+00:00,Probably a baseball glove! Or Apple Watch band. Both items he would use and that represent him as a character.,0,7,2026-05-23,0.0059,negative
at://did:plc:4elppkfe7c3ym7je7qvkvezx/app.bsky.feed.post/3mmkexnvyfs2x,2026-05-23 21:21:40.891000+00:00,I'm at a pub called The Holy Whale. For a couple of reasons I had to pee. They were playing Blue Rodeo. Many e-bikes in the bike rack. Apple cider. But mostly because I had to pee 😀,0,2,2026-05-23,0.0009,negative
at://did:plc:j7vbo2hxzfx242wcrtojwewc/app.bsky.feed.post/3mmjyxrfhok2y,2026-05-23 17:46:59.641000+00:00,"I refuse to support MAGA on any level. I will no longer watch CBS, just like I won’t drive thru TX or even change planes there, and stopped vacationing in CO years ago. I’m relieved that Trump-sucking Tim Cook left Apple, and if John Ternus turns out to be a MAGAt, I’ll switch to an Android.",5,16,2026-05-23,0.0011,negative
at://did:plc:c5zjo5pdpn6snhlv7kyjzsun/app.bsky.feed.post/3mmkllcsukk2m,2026-05-23 23:20:02.786000+00:00,"Burrata Salad. Crispy pancetta, apple, strawberry, croutons over a bed of butter lettuce. Served with a raspberry vinaigrette and warm pancetta drippings. #food #cooking.",0,6,2026-05-23,0.9969,positive
at://did:plc:l7rni7menhw7endplwwyjrtz/app.bsky.feed.post/3mmjbj6f6tk2n,2026-05-23 10:47:13.876000+00:00,"Another day of hiking about to begin. Looks like rain. Here's some pics from yesterday. No time for alts right now, except the gall. Scenery pics to come! 😄 Happy hiking! #hiking #backpacking #flowers #tennessee",0,16,2026-05-23,0.0176,negative
at://did:plc:mmvulusogohggfmt4m4ypq4e/app.bsky.feed.post/3mmjsh6bqds23,2026-05-23 15:50:20.273000+00:00,"According to #Parkrun I *exactly* matched my PB this morning. According my watch, that was my fastest 5k ever*. I’m on a mission for a sub 20:00 Parkrun now 🏃‍♂️ 🌳 *since I got an Apple Watch in about 2010",0,11,2026-05-23,0.0945,negative
at://did:plc:g7mbhymsbvixxwmzena2t6zb/app.bsky.feed.post/3mmjk6nyydc26,2026-05-23 13:22:24.842000+00:00,"""I know about the line of succession. But your uncles would fight over who got the last apple. The younger ones don't want--"" My companion had continued talking. Something about how he should have married first and working out details. It probably wasn't important. #WIPsnips ""vital""",0,11,2026-05-23,0.0039,negative
at://did:plc:thgcltcfeoytcw6kltgwgufk/app.bsky.feed.post/3mmk6mcoafc2q,2026-05-23 19:27:57.541000+00:00,"Today on HOW TF MUCH??? - $12 for a greasy, under-baked grocery store pie made with canned filling and generic Crisco.",0,6,2026-05-23,0.0002,negative
at://did:plc:4evnapk7ohgubq7lnhzocsl3/app.bsky.feed.post/3mmjuggit3c2e,2026-05-23 16:25:42.825000+00:00,Getting up in time for breakfast and finding it's just a Svenhard's danish and an apple also sucks,0,4,2026-05-23,0.0016,negative
at://did:plc:jfnljjujigyxccy6uy4lwqxh/app.bsky.feed.post/3mmkd47z6j22h,2026-05-23 20:48:26.604000+00:00,"It is also really abusing the DRI system that I learned at Apple. As an DRI, I ALWAYS ASKED SOMEBODY'S *MANAGER* FIRST if they had capacity to work on my project. And there was really good manager training there. FFS.",0,6,2026-05-23,0.9789,positive
at://did:plc:fsftz5ue2bvlvkb6zx2bqdnh/app.bsky.feed.post/3mmklodiicn22,2026-05-23 23:21:43.926189+00:00,"watchOS 27’s big reveal is almost here, and one rumor indicates it could add a new Apple Watch face inspired by my all-time favorite option.",0,1,2026-05-23,0.1221,negative
at://did:plc:af2y3mb7sh3cob7xdpiymtcf/app.bsky.feed.post/3mmjvxyad322e,2026-05-23 16:53:25.582000+00:00,"🌊 It’s a double game day ⛰️ Vancouver Whitecaps: 🆚 San Diego FC 🏟️ Snapdragon Stadium 📍 San Diego, California, United States 🗓️ Saturday, May 23, 2026 ⏰ 6:30 pm PT 📺 Apple TV 🏆 Major League Soccer | Matchday 15 #VWFC",0,5,2026-05-23,0.2233,negative
at://did:plc:rslbyhkkf5not4yl3wilxwc3/app.bsky.feed.post/3mmj47dol6s2m,2026-05-23 09:12:15.183000+00:00,A slice of apple pie is $2.50 in Jamaica and $3.00 in the Bahamas. These are the pie rates of the Caribbean.,7,38,2026-05-23,0.0289,negative
at://did:plc:ld5hhj7aie24qa5ds6yr54ow/app.bsky.feed.post/3mmki4op2jk2c,2026-05-23 22:18:10.711000+00:00,The beautiful reality of it all is I'm sitting under an apple tree that's starting to bloom and it's 63° instead of 96°,0,1,2026-05-23,0.9961,positive
at://did:plc:xrnamk32dzxt2plzrcevyk3g/app.bsky.feed.post/3mmijugbbbc2s,2026-05-23 03:44:01.438000+00:00,finally learned how to cut an apple in my late 20s,0,13,2026-05-23,0.9798,positive
at://did:plc:gks4ieuxx7rvy72gye2n35bu/app.bsky.feed.post/3mmjnh6f6ss23,2026-05-23 14:20:51.678000+00:00,"Day 5: Harmony Cream & Cheese go together like apple and pie. Where one goes, the other follows - not as hero and sidekick, but as a tiny team working in perfect harmony. #35DaysSonic #ソニック・ザ・ヘッジホッグ",4,13,2026-05-23,0.9974,positive
at://did:plc:j7mdqqckqgvyydyhwhn7d5cz/app.bsky.feed.post/3mmjdkxz5zc2x,2026-05-23 11:24:01.789000+00:00,I’ve been an Apple fan for 40 years. All my devices are Apple. Great UI and seamless device connectivity. But WTF happened here. Was the designer fired?,0,5,2026-05-23,0.0088,negative
at://did:plc:oowj5iti73fnpk73p56bezka/app.bsky.feed.post/3mmiidkyp522t,2026-05-23 03:16:42.220000+00:00,"Would you like an apple, my dear? #hazbinhotel #hazbinhotellilith",3,16,2026-05-23,0.9523,positive
at://did:plc:jzhspdifnucjszuc6w5itx3c/app.bsky.feed.post/3mmjtrlz6pc2h,2026-05-23 16:14:03.722000+00:00,"I like using spotlight to open finder windows. I do the same in gnome. But apple changed spotlight so you cant do this anymore... I looked at other app launchers, like alfred, and theyre all trying way too hard So I built a very simple one Calling it Borma",0,9,2026-05-23,0.0005,negative
at://did:plc:mqw6ztme5qy7ph2z4ajeaptd/app.bsky.feed.post/3mmk65bddss2n,2026-05-23 19:19:32.495000+00:00,"Chateau Feymarch, Gilgamesh, Goblet W1P46, will demolish 2026-06-01 @ 11:00:00PST. I can't justify continuing to pay my sub & not play just to keep it. If anyone wishes to give it any send-off gposes, this is your notice. It's been a long time since CMT & when Anamnesis was new. We've retired. 👴",1,10,2026-05-23,0.0009,negative
at://did:plc:t6alu7bzndikrteoxnqkksdl/app.bsky.feed.post/3mmk2yvolcc2w,2026-05-23 18:23:25.174000+00:00,"Ditto. Our subscription was hidden in our Apple subscription account — cancelled, but runs through January. Will still boycott until it is dead in January. Voting with my eyes and dollars.",0,5,2026-05-23,0.0006,negative
at://did:plc:ewtioluypjrn7mcu2hdwnovr/app.bsky.feed.post/3mmjsfyel2k2x,2026-05-23 15:49:40.521000+00:00,@magedah.bsky.social relative 5:24 a.m. faint light expands in chickadee chitter through decades-old oaks to an upraised silhouette of my hand … dreams fly away from my apple-head’s worm hole … rousing robin song … darkness holds a moment to measure heat not time … what a marvel this world …,1,9,2026-05-23,0.997,positive
at://did:plc:rjuvzg6dylr7dxqa7adq3cvs/app.bsky.feed.post/3mmjusjfgrc2p,2026-05-23 16:32:28.513000+00:00,Sorry i ate an apple,0,1,2026-05-23,0.0003,negative
at://did:plc:sr2qmk2kvlls2i4cexzfob26/app.bsky.feed.post/3mmjjyp6zpc26,2026-05-23 13:19:04.761000+00:00,New SI MEDIA PODCAST with Charles Barkley - Assessing “Inside the NBA’s” first year on ESPN - Unable to find games during playoffs - Reaction to Draymond Green’s diss - Unhappy with MVP leak -Sean McDonough praise Apple: bit.ly/4nHWLNe YouTuble: bit.ly/3RmWJOL,2,6,2026-05-23,0.0025,negative
at://did:plc:zkdjneg7kggym7ujme65drbh/app.bsky.feed.post/3mmijb2hqg22u,2026-05-23 03:33:11.537000+00:00,(IMO Apple needs some sort of set of wholly owned “minor league” subsidiaries that can try out weird new ideas without the pressure of any of it having to be successful _by Apple standards_ or risk damage to the Apple marque.),1,16,2026-05-23,0.0003,negative
at://did:plc:fsftz5ue2bvlvkb6zx2bqdnh/app.bsky.feed.post/3mmjwzwiuv62d,2026-05-23 17:12:24.384967+00:00,"While he could’ve been a trillionaire today, Apple cofounder Steve Wozniak sold his stake early: “I didn’t want to be near money, because it could corrupt your values.”",0,2,2026-05-23,0.0008,negative
at://did:plc:n7mptugolk4qwjjeq65icmxl/app.bsky.feed.post/3mmkfbd2e322g,2026-05-23 21:27:05.044000+00:00,"My 8th grade self had a bottle of Tahitian Treat, a bag of Utz salt & vinegar chips, a dill pickle and a green apple candy stick as my after-school activity bus snack damn near every day because my aunt was the candy house lady. *I didn't get a discount she just lived close😭",0,2,2026-05-23,0.0049,negative
at://did:plc:el4bp7icgbwbafh754idae2m/app.bsky.feed.post/3mmjxtnehcs2s,2026-05-23 17:26:47.449000+00:00,"I was just thinking about all the animals loved that have been buried in places that no longer exist, in graves forgotten and built over. #originalart #art #pets",8,12,2026-05-23,0.9898,positive
at://did:plc:ywso5zb7zpnxtyk5hpqetiwh/app.bsky.feed.post/3mmj2xfa4gc22,2026-05-23 08:49:54.629000+00:00,"If you were an Apple Watch without battery, where would you hide in my house?",0,11,2026-05-23,0.0004,negative
at://did:plc:apej3ikocedhhvjykfx3ygyd/app.bsky.feed.post/3mmk6bwdwk22g,2026-05-23 19:22:09.087000+00:00,"The DOJ Is Demanding Apple And Google Identify Over 100,000 Users Of This Car App share.google/17VTiaWONEX2...",0,1,2026-05-23,0.0004,negative
at://did:plc:ozrzb3s4uehhujwksyw7cbus/app.bsky.feed.post/3mmjmbldizs2e,2026-05-23 13:59:50.188000+00:00,Bad Apple Bad Apple English cover Bad Apple Remix Bad Apple Hatsune Miku cover Jamie Paige Vane Lily Flavor Foley Umamusume,0,1,2026-05-23,0.0014,negative
at://did:plc:fsftz5ue2bvlvkb6zx2bqdnh/app.bsky.feed.post/3mmjweouom32g,2026-05-23 17:00:31.731716+00:00,"While other commencement speeches have been met with boos for hyping up artificial intelligence, Apple cofounder Steve Wozniak reminded college graduates that they already posses ""AI"" of their own: ""actual intelligence."" He framed AI as an attempt to duplicate brain-like routines, and enco..",1,3,2026-05-23,0.0032,negative
at://did:plc:fzrnzfzbtl74gnpomvfbpeh7/app.bsky.feed.post/3mmkahned6k2o,2026-05-23 20:01:08.469000+00:00,Not pictured: Garlic bread Apple & cranberry juices Kiddo's has the chicken She doesn't keep the same level of kosher Chickens don't have milk I get the objection! I used to be irrationally enraged by the dairy & fowl prohibition Let them get there on their own as I did,0,10,2026-05-23,0.0018,negative
at://did:plc:7pawqddiu5qk3l2qqva3q265/app.bsky.feed.post/3mmjba322yk2n,2026-05-23 10:42:08.386000+00:00,Introduce yourself with 10 bands / musicians you’ve seen live Kylie Minogue Madonna P!NK Hole The Killers Sophie Ellis Bextor The B-52s The Go-Go’s The Interrupters Fiona Apple,0,8,2026-05-23,0.9987,positive
at://did:plc:ysfwvzlzs3w7fwirqjif74dh/app.bsky.feed.post/3mmjrz4ykz22i,2026-05-23 15:42:29.165000+00:00,Im the guy with the apple,0,1,2026-05-23,0.9043,positive
at://did:plc:vyco2kpiz3w44hztbitnlmjo/app.bsky.feed.post/3mmkdntrpf22i,2026-05-23 20:58:17.752000+00:00,Going a little #Arsenal crazy. Just made three new watch faces for my Apple Watch. Two to match my shirts and the rest to match whatever…,0,1,2026-05-23,0.0103,negative
at://did:plc:lvwodiqbcwtvas6n4nfpkokt/app.bsky.feed.post/3mmigrkvpzc2c,2026-05-23 02:48:44.417000+00:00,I'm basically betting on Anthropic by elimination. Meta has shit the bed. Apple is not even really trying. Microsoft and Google are making huge unforced errors. OpenAI is burdened by A LOT of bad early decisions and by Sam Altman's personality cult.,3,140,2026-05-23,0.0002,negative
at://did:plc:5cuu3kt6fmiwbggo46u2wpry/app.bsky.feed.post/3mmk2jpxv3k2t,2026-05-23 18:14:55.871000+00:00,"Shit, I need insecticides for my apple trees! Ironic if that's the pie you're baking.",0,3,2026-05-23,0.0005,negative
at://did:plc:yx5ms5eqryyjzlh2uddczsg5/app.bsky.feed.post/3mmk2ubsvac2p,2026-05-23 18:20:50.092000+00:00,"“The sound of a great album to me is the sound of people dreaming.""",1,6,2026-05-23,0.9997,positive
at://did:plc:55h4fego7fnbacae46fqrk2q/app.bsky.feed.post/3mmkcpc674k2l,2026-05-23 20:41:12.658000+00:00,"Tonight, I’m rapping live in New York City at Bar Freda. Doors are at 7pm. Come see my first headline show in the big apple! ❤️",1,4,2026-05-23,0.9985,positive
at://did:plc:k5owzp2dlmnfa3ovsuoyrnaf/app.bsky.feed.post/3mmkco5yedk2x,2026-05-23 20:40:34.719000+00:00,"When RIM caved that was the beginning of the end for them, then Steve Jobs introduced the iPhone. Eventually Apple had to cave too, security wise.",0,1,2026-05-23,0.0019,negative
at://did:plc:ej7mahyialaqrg23jjxpraof/app.bsky.feed.post/3mmiujsfpms2f,2026-05-23 06:54:56.232000+00:00,apple wood pussy….,0,4,2026-05-23,0.005,negative
at://did:plc:yxbwp7bpfnmkrbx6fxmirckr/app.bsky.feed.post/3mmkk7lgnr22h,2026-05-23 22:55:35.433000+00:00,Bringing her back next month. I’ll post recipes here and on my substack.,0,2,2026-05-23,0.9405,positive
at://did:plc:zaionhgwattywu36e7t3uqsi/app.bsky.feed.post/3mmjkjlgezc26,2026-05-23 13:28:31.233000+00:00,Dial M for Murder PG 1954 ‧ Thriller/Mystery ‧ 1h 45m Xumo Play Free PLEX Free Amazon Prime Video YouTube From $3.79 Google Play Movies & TV From $3.79 Apple TV From $3.99 Fandango at Home From $3.99,2,19,2026-05-23,0.0032,negative
at://did:plc:msgvulvthh2pzjplmwv7gnx5/app.bsky.feed.post/3mmjsunkmbk23,2026-05-23 15:57:52.502000+00:00,But that's why she won't bite the apple,0,1,2026-05-23,0.2048,negative
at://did:plc:wlodbxyrmaxsm5txjpdykwoq/app.bsky.feed.post/3mmjzdd6c322i,2026-05-23 17:53:27.359000+00:00,"After struggling so much to find a name that wasn’t already taken and wracking my brain for a good logo (and learning how to vectorize 💪 ), I finally managed to rebrand this page. My logo had to stay recognizable at small sizes (like Apple or Nike), feel welcoming and have an animal connection. 🧡",0,4,2026-05-23,0.0012,negative
at://did:plc:tld72b2of53uic74zas6rvne/app.bsky.feed.post/3mmjjkysphc2n,2026-05-23 13:11:25.078000+00:00,"😒 This irk’d my spirit this morning, ran from Bluesky to Apple Music to find the original. Hearing the original and coming back to hear the unseasoned version just irk’d me more!🤦🏾‍♀️🤣 If they don’t get their Pat Boone impersonating selves and sit down somewhere.",5,10,2026-05-23,0.0108,negative
at://did:plc:aunpu65mdrhwfie7ynymlzeh/app.bsky.feed.post/3mmio5ldb372c,2026-05-23 05:00:43.431000+00:00,"Watch the full episode of the Bulwark Podcast at The Bulwark and YouTube, or listen on Apple Podcasts, Spotify or wherever you get your podcasts:",3,41,2026-05-23,0.0143,negative
at://did:plc:eiavgi3e23lw3554ibfzsa7y/app.bsky.feed.post/3mmiq5qnwws2q,2026-05-23 05:36:36.777000+00:00,I have been supporting the apple growers from Harcourt for years.They grow damn good apples and make fabulous cider/juices! It was heartbreaking seeing their cool stores facility get burnt to the ground during the summer bushfires loosing millions of dollars of stock and equipment😔 #SupportLocal 🍎❤️,10,53,2026-05-23,0.0819,negative
at://did:plc:ghslu3l6iyikxboo35oqa5su/app.bsky.feed.post/3mmkhzudr222u,2026-05-23 22:16:35.969000+00:00,"Adam was a grown ass man who could make his own decisions. If he wanted to eat an apple, HE decided to do that. If any of that bullshit was real (which it wasn't lol).",1,2,2026-05-23,0.005,negative
at://did:plc:slthkck7i67mmtktuasxul4y/app.bsky.feed.post/3mmjbdytz322l,2026-05-23 10:44:20.309000+00:00,"Hi Rich My choices for #5debutalbums9599 1) Belle & Sebastian - Tigermilk 2) Delgados - Domestiques 3)Tricky - Maxinquaye 4) Novak - s/t 5) Solex - Solex vs the Hitmeister Bubblers: Grandaddy, Beulah, Retsin, Rachel's, Fiona Apple.",0,18,2026-05-23,0.9942,positive
at://did:plc:qsum5yk5qivt6givza7wxljd/app.bsky.feed.post/3mmjv7cnzlk23,2026-05-23 16:39:37.662000+00:00,"Appreciate this book being made available on Apple Books, just bought it",0,1,2026-05-23,0.9997,positive
at://did:plc:xhglzhgh4eo5ryb6lqovjcdu/app.bsky.feed.post/3mmkmgfiws22j,2026-05-23 23:35:11.585000+00:00,it would be neat if itunes worked and wasn't almost completely abandoned as an application it would also be neat if apple wasn't planning on completely shutting it down and moving everyone to their hardware-locked apps in the next 6 years based on various factors,0,1,2026-05-23,0.0011,negative
at://did:plc:ep2k3iakqv6pulvw4opba3za/app.bsky.feed.post/3mmkkvykevs2z,2026-05-23 23:08:07.371000+00:00,"don't want to be that guy, but do baby showers always include weird party games cause I had to guess the flavours of baby food as one game. (I got two right, apple and carrot. Maybe that says something about what I was fed lmao)",0,2,2026-05-23,0.0078,negative
at://did:plc:fatlfqvytycp527ssay4cjzv/app.bsky.feed.post/3mmjxnieiaz2w,2026-05-23 17:23:19.057145+00:00,"Crucial Track for May 23, 2026 ""Alice (1993)"" by The Sisters of Mercy Listen on Apple Music (https://music.apple.com/us/album/alice-1993/1255850080?i=1255853117) For the mood of the day. And the year too. https://www.crucialtracks.org/profile/z428/20260523",0,6,2026-05-23,0.0842,negative
at://did:plc:katl2n3xfpfwpv45aiwwtbrb/app.bsky.feed.post/3mmipb4pcj226,2026-05-23 05:20:36.320000+00:00,wow that actually was exactly what I was hoping for. there's a really pleasant translucent glow?,0,54,2026-05-23,0.9999,positive
at://did:plc:dhwfnihpvtsoguocqbfqulme/app.bsky.feed.post/3mmimiuhyqk2r,2026-05-23 04:31:14.907000+00:00,"Good morning, the King's rose at the 2026 RHS Chelsea Flower Show 🌹 David Austin's first ever striped rose created in collaboration with The King’s Foundation. It has a medium Musk fragrance with a hint of fresh apple and rosewater 👃 Have a good Saturday ☺️",2,61,2026-05-23,0.9997,positive
at://did:plc:nwqtgrzvezwhozspputc7wmn/app.bsky.feed.post/3mmkiythfgl2u,2026-05-23 22:33:55.219000+00:00,"A scrapbook based on Marty's would also be fun, or washi tape or stickers that could go in said scrapbook :D Also, mugs. For Seth's apple cider and Koujaku's coffee. >.>'~ And just because I love collecting them, figurines would be so cool 💕",0,5,2026-05-23,0.9716,positive
at://did:plc:ibn5dhn64dg5j7kfgxjaqzji/app.bsky.feed.post/3mmiveriq7s2y,2026-05-23 07:10:01.252000+00:00,APPLE BOTTOM JEANS BOOTS WITH THE JEANS,0,9,2026-05-23,0.0523,negative
at://did:plc:3zczxlksdorppy474krdeg3k/app.bsky.feed.post/3mmkmsxdkes2u,2026-05-23 23:42:12.936000+00:00,"It is! I use either plain cheerios or oatmeal, then add any combination of dried fruit (blueberries, strawberries, apple, and/or banana) or peanut butter powder. Keeps the variety up depending on mood or needs, and that’s all shelf stable stuff, so ZERO food waste, which is important to me.",0,1,2026-05-23,0.0043,negative
at://did:plc:gq3iyvpmdn3ei2upp3eui5xr/app.bsky.feed.post/3mmjji64v2k2m,2026-05-23 13:09:49.982000+00:00,So @jasonkpargin.bsky.social turned me onto #WidowsBay on Apple TV and I haven’t seen anything this good in a while. It’s across between Twin Peaks and Garth Merenghi’s Darkplace. @katiedippold.bsky.social is a genius.,0,3,2026-05-23,0.9959,positive
at://did:plc:4gt2zag6cmbexsh2q3hfp4um/app.bsky.feed.post/3mmjro2wgkk2p,2026-05-23 15:36:17.898000+00:00,"The beverages consumed at this week's board game night, in order: Tennessee whiskey, fancy imperial stout, Busch Lite Apple. The bar where I do trivia has High Life on tap recently for some reason and I've been drinking that since the rest of the list is IPA heavy.",0,3,2026-05-23,0.0012,negative
at://did:plc:hxje2mbpurznsjbl7qqsc62w/app.bsky.feed.post/3mmjwiemc2k26,2026-05-23 17:02:35.434000+00:00,maybe you should be recognizing that fry bread is more American than either apple pie or you,0,1,2026-05-23,0.0167,negative
at://did:plc:lvwodiqbcwtvas6n4nfpkokt/app.bsky.feed.post/3mmilbrrb7c2c,2026-05-23 04:09:23.449000+00:00,"I think Microsoft might genuinely be fucked here. If Apple takes over the notebook-style laptop market, and Steam OS moves from handhelds into full-size gaming consoles & gaming laptops...LMAO. Their AI pivot is going poorly, too. They might get reduced to just being an enterprise software company.",5,55,2026-05-23,0.0001,negative
at://did:plc:pyyzsduptnh4fqbhuc66cqjy/app.bsky.feed.post/3mmjqzu2oxc26,2026-05-23 15:24:59.609000+00:00,i’m not out here saying fry bread is American as apple pie,0,1,2026-05-23,0.0042,negative
at://did:plc:up4ttgwowa4vd3ec4oebllv6/app.bsky.feed.post/3mmjulg2ez22s,2026-05-23 16:28:30.121000+00:00,Certainly a choice!,0,1,2026-05-23,0.9999,positive
at://did:plc:ythfo3hrlv4rcivbrarqrd7u/app.bsky.feed.post/3mmjrvjtdbk2z,2026-05-23 15:40:28.403000+00:00,BEACH TOWELS 🏖️ 🏝️ #beachtowel #beachtowels by the #thcband mipic.co/thc #mipic #app #apps #apple #music #musician #musicians #merch #summer #summerwear #beachwear #season #seasonal #beachy #beach #rock #rockandroll #rocknroll #punk #sketch #art #drawing #sketches #color #colorful #independent,5,10,2026-05-23,0.0213,negative
at://did:plc:rlh5qllv6epdi3ta2fjtjstl/app.bsky.feed.post/3mmjzr3nntc2u,2026-05-23 18:01:09.254000+00:00,"I would like a break from higher-level awareness please Wild I would say that, consciousness loss was a huge phobia for me, but tbh quitting weed made me remember I wasn't really running whole-hog on it Yeah, ok. I would like the apple to go back on the tree please",0,3,2026-05-23,0.0016,negative
at://did:plc:blwck7qgbbrotv3yfwndikne/app.bsky.feed.post/3mmjly5aefk23,2026-05-23 13:54:33.414000+00:00,I’m considering getting a Mac for nice performance and quiet when I’m recording (current laptop fan is too loud). Anyone have experience or thoughts on Apple Mac Studio?,1,2,2026-05-23,0.0012,negative
at://did:plc:yx5ms5eqryyjzlh2uddczsg5/app.bsky.feed.post/3mmjx3novns2x,2026-05-23 17:13:22.456000+00:00,and I OOP. It’s funny that the precursor to this comment was ‘& this is not a dig at anybody’ when he has seemingly made digs at so many other artists in the album promo cycle for Bleachers 5 .,0,9,2026-05-23,0.9542,positive
at://did:plc:7qrg6lr7lm27hvhgwxxrvhoy/app.bsky.feed.post/3mmkeae7kqs2e,2026-05-23 21:08:38.959000+00:00,septic tank wildflower patch is coming along nicely!,1,12,2026-05-23,0.9999,positive
at://did:plc:mcimc6tlzdysktyzg4z23t7a/app.bsky.feed.post/3mmivk6jhys2u,2026-05-23 07:13:02.672000+00:00,"The fact that Apple - one of the only tech places that, despite the fact that they annoy me, do, I think, still employ people that engage their brains occasionally - aren't really trying here is one of the few things that gives me hope.",4,19,2026-05-23,0.9955,positive
at://did:plc:idv6cgbmt5apeyhdp7er4vmz/app.bsky.feed.post/3mmiml63grc2u,2026-05-23 04:32:32.093000+00:00,This Just In: Apple Announces NEW Sephiroth for iPod. In Five Days She Will Be Installed to Your iPod and You Will Not Be Able to Turn It Off!,7,15,2026-05-23,0.0046,negative
at://did:plc:eak2q2abwc6iab4tt4s72rtr/app.bsky.feed.post/3mmjda67u6c2o,2026-05-23 11:17:59.205000+00:00,...which Apple Music just segue'd to Hey Let Loose Your Love by The Focus Group and it... works?,0,2,2026-05-23,0.9979,positive
at://did:plc:5dlw7nh2w7rzfd5b3umqvv6q/app.bsky.feed.post/3mmjmwbm53s2m,2026-05-23 14:11:24.627000+00:00,"Clocks The lights go out and I can't be saved Tides that I tried to swim < AGAINST > Have brought me down upon my knees Oh, I beg, I beg and plead Singin' come out of things un said Shoot an apple off my head youtu.be/PFW2uSCZ0uE?...",0,13,2026-05-23,0.0028,negative
at://did:plc:pudhcpxfcod4e5zbtubu6wla/app.bsky.feed.post/3mmjtohqwnc2g,2026-05-23 16:12:18.761000+00:00,"My soon-to-become trademark homemade cider! They keep changing colours due to what I add to them but it's mainly apple juice, cider yeast and sugar. So far, I've made 2 pink, 1 red, 1 yellow, orange is currently being made and 1 green!",1,3,2026-05-23,0.9949,positive
at://did:plc:manzlgiqq2xg23us37wcy6df/app.bsky.feed.post/3mmii2dbgw22a,2026-05-23 03:11:32.144000+00:00,"While I’m gardenposting, would you be interested in some protofruits 🌱",6,81,2026-05-23,0.0052,negative
at://did:plc:nrlxex25fq27ifwbcdb2srot/app.bsky.feed.post/3mmiipypkvk2k,2026-05-23 03:23:39.271000+00:00,Wtf Apple maps will now have ads? What in the actual fuck Bro,0,9,2026-05-23,0.0003,negative
at://did:plc:t5ljwggfcdxy6lm2fkv2cja6/app.bsky.feed.post/3mmjrtefho224,2026-05-23 15:39:15.593000+00:00,"drank 3 glasses of slushy liqueur, 2 glasses of umeshu, 1 glass of tomato liqueur, and numerous cups of tea and water ..... i am simply liquid now (this was a fruit-infused sake pairing course 🍑🍎🍅)",0,5,2026-05-23,0.0183,negative
at://did:plc:rjuvzg6dylr7dxqa7adq3cvs/app.bsky.feed.post/3mmjuubibdk2p,2026-05-23 16:33:27.326000+00:00,Me eating an apple as the last remaining doctor begs for his life as he gets thanos snapped by the final crunch,0,2,2026-05-23,0.0027,negative
at://did:plc:ysutmi7poqnwgmvs7wdlfbgz/app.bsky.feed.post/3mmihcynrpk2d,2026-05-23 02:58:29.263000+00:00,"Apple has, in my opinion, correctly surveyed the field and identified that they can get all the benefits of whatever AI integration customers wind up *actually wanting* in their products by licensing it once the dust settles with less backlash than experimenting early.",1,36,2026-05-23,0.9879,positive
at://did:plc:vmhrtckqi7ghdoqhf3lgvm4y/app.bsky.feed.post/3mmia5mfeys2o,2026-05-23 00:50:12.430000+00:00,Put a bunch of musical soundtracks onto my phone so I can access them whenever I need and also so any online algorithm doesn’t know I’m a musical theater kid,6,135,2026-05-23,0.0005,negative
at://did:plc:n4765ftlk5sxhgd5low6rqbd/app.bsky.feed.post/3mmi5vnt6wc2m,2026-05-23 00:09:58.021000+00:00,imagining the old life or death apple II games but neanderthal stone and obsidian tool surgery. post mammoth hunt triage and repair,1,22,2026-05-23,0.0104,negative
at://did:plc:tgalgzbghsj4qodzobk5jude/app.bsky.feed.post/3mmir7js34c2r,2026-05-23 05:55:30.429000+00:00,"Today I received a $500 Apple gift card out of the blue. Wow! 😲🥰 I love receiving beautiful lingerie, but practical/personal gifts really get me going... 😍 I'm thinking about what to get...💞💞💞",0,10,2026-05-23,0.9997,positive
at://did:plc:7e5ekp4gp5hhbock4tb3j25u/app.bsky.feed.post/3mmijb3wap224,2026-05-23 03:33:13.050000+00:00,"A little something to help pass the hours before Spurs play Everton. Thanks to @tedcruzinusa.bsky.social, @ownbrand.bsky.social, @markscrivens.bsky.social + @mumko.bsky.social for contributions. Listen Apple: podcasts.apple.com/us/podcast/p... Spotify: open.spotify.com/episode/6Fjm... #COYS #THFC",4,21,2026-05-23,0.9712,positive
at://did:plc:hcqh55paf7rtvlli3ymbgk5h/app.bsky.feed.post/3mmk52k7frk2d,2026-05-23 19:00:07.735000+00:00,Palm OS like the old handhelds! Older alphasmarts are basically a keyboard with eightish memory buffers you can type into and the Dana has smarts making it more comparable to like an Apple emate or a windows CE device,0,1,2026-05-23,0.9801,positive
at://did:plc:6hwslt5s6kjyv6fg7oksm7jx/app.bsky.feed.post/3mmjxemmkbn2o,2026-05-23 17:18:23.167000+00:00,The entire collection of Space Ghost: Coast to Coast is up on the Apple TV store for $30 and I don't think there has ever been an easier purchasing decision.,0,1,2026-05-23,0.0016,negative
at://did:plc:byocup4gzgqtmgvotgrgi3qr/app.bsky.feed.post/3mmitcn3gb22k,2026-05-23 06:33:02.025000+00:00,Top Tech Companies & Their Average Salaries 2026 #TechCompanies #AI #Microsoft #Apple #Google #NVIDIA #Amazon #Meta #Tesla #OpenAI #TechJobs #Salary #SoftwareEngineer #Programming #Technology #FutureTech #ITJobs #Career #TechWorld #Innovation,1,10,2026-05-23,0.8614,positive
at://did:plc:re75sgmsfiuuwetkzwiqavmj/app.bsky.feed.post/3mmife6fnpk23,2026-05-23 02:23:21.359000+00:00,u are not elidibus u are not the emissary u are not ascending to godhood u are my dear themis who i used to play with in the apple orchard and u are 19 years old,0,23,2026-05-23,0.0015,negative
at://did:plc:3id5k3wbalthrnbvjjv5xpjk/app.bsky.feed.post/3mmjjbfxph22n,2026-05-23 13:06:03.329000+00:00,Excellent read! Apple doesn’t fall far from the tree! It’s in his lineage.,1,2,2026-05-23,0.9999,positive
at://did:plc:2ea6qkhjeo4cnxkvt33cxhbi/app.bsky.feed.post/3mmkc5kkjss2f,2026-05-23 20:31:17.472000+00:00,"Valve doesn't want to do it right now, because currently Mac gaming is a very small market, Apple is annoying, and Valve doesn't want to step on CodeWeavers' toes, but if they feel the need to, Valve already has 100% of the tech needed to run almost any Windows game on macOS.",0,2,2026-05-23,0.0013,negative
at://did:plc:s4vu5h4g7z7y7pzbsdd4dzwr/app.bsky.feed.post/3mmjnqxnn222t,2026-05-23 14:26:20.160000+00:00,How do we watch driver’s academy and F2 on Apple TV - I paid for F1 but can’t get this?,0,1,2026-05-23,0.0004,negative
at://did:plc:e3dhrmoyvrtbn2cespdkvrcy/app.bsky.feed.post/3mmiqmhu4vc22,2026-05-23 05:44:50.855000+00:00,This is a cat checkpoint; relinquish your most recent cat photo.,0,8,2026-05-23,0.0134,negative
at://did:plc:6c2iefym5cdi24vtwmkcqnki/app.bsky.feed.post/3mmjcfcji5c2f,2026-05-23 11:02:57.745000+00:00,an apple a day keeps you happy and gay,2,7,2026-05-23,0.9999,positive
at://did:plc:manzlgiqq2xg23us37wcy6df/app.bsky.feed.post/3mmijlpfdtk2a,2026-05-23 03:39:09.022000+00:00,"This is 8 of the 9 types of fruit growing in my small yard, but I do have 2 different fig varieties, 3 raspberry varieties, 3 blueberry varieties, and 2 apple varieties!",0,9,2026-05-23,0.9935,positive
at://did:plc:wycyhitn2ldb4dbtnwbi5737/app.bsky.feed.post/3mmi5lhlhn22p,2026-05-23 00:04:15.932000+00:00,"Cooking a big feast for this weekend Ribs, Pasta Salad, Potato Salad and homemade Apple Pie Here is my Pasta Salad Happy Memorial Day",0,19,2026-05-23,0.9996,positive
at://did:plc:wvlpy7dbsbfqsxkekqpumd7f/app.bsky.feed.post/3mmj3aeaooc2t,2026-05-23 08:54:55.590000+00:00,"I miss the days we talked about running doom and bad apple on toothbrushes and pregnancy tests. The good news: Nvidia has no business if Europe doesn't sell them lithography equipment, so they've kinda got the US by the balls as I understand it. ASML is a Dutch company.",0,6,2026-05-23,0.0035,negative
at://did:plc:gazlyh3gairakebpixaaorri/app.bsky.feed.post/3mmi7vr4w3c2j,2026-05-23 00:45:48.969000+00:00,I had some extra filling of mango+blackberry and extra filling of apple- for the last little pie I put all three together and let me just share here that apple+mango+blackberry pie is a delicious combo! Never would have thought those three would all go together,0,12,2026-05-23,0.9998,positive
at://did:plc:ysljiavywozhrm4rnrthe7i2/app.bsky.feed.post/3mmjodbhtx22w,2026-05-23 14:36:34.428000+00:00,Harvested the last of my late winter/spring collard greens yesterday (were starting to bolt from recent heat & drought). Blanched them to reduce bitterness & cooked them with turkey bacon (I don't eat pork). Great potlikker from this batch! Served some with grilled turkey sausage & cannellini beans!,0,4,2026-05-23,0.909,positive
at://did:plc:kx557fkefww6c7w2xygbf4ul/app.bsky.feed.post/3mmjzpidrs22r,2026-05-23 18:00:15.453000+00:00,Apple Arcade is doing a limited time collaboration this summer with Bluey! I’ve put together a list of the cozy games Bluey will feature in and the dates the collabs will be running here ✨ www.peapodgirlgaming.com/blog/best-co... #bluey #cozygames #applearcade #gamesky,0,2,2026-05-23,0.013,negative
at://did:plc:mtw6zwee5vbh2t7hii7q7thv/app.bsky.feed.post/3mmicdejddk2k,2026-05-23 01:29:12.987000+00:00,She’s literally not even a single apple tall,0,12,2026-05-23,0.0004,negative
at://did:plc:7lgzggl73nlgxolqqyk7obc4/app.bsky.feed.post/3mmibhmq4mc2v,2026-05-23 01:13:42.077000+00:00,It’s really cool that I can listen to the Orioles radio stream while watching the game on Apple TV.,0,8,2026-05-23,0.9997,positive
at://did:plc:uoqbaehj6qazwxfmqf3ohvk7/app.bsky.feed.post/3mmjpobclg22e,2026-05-23 15:00:37.096000+00:00,"First 4 Pages of my Therian Comic ""Fox Shifter"" 57 Pages on my Ko-Fi/Patreon ko-fi.com/fennekfuchsi patreon.com/fennekfuchsi 47 Pages for free on Tapas m.tapas.io/fennekfuchs Art is my living, feed the Fen #therianthropy #fennecfox #feralart #comic #indiecomicartist #queercomics #DisabledArtist",9,24,2026-05-23,0.0028,negative
at://did:plc:ayqhlu7awxb65n2vo4bjkanf/app.bsky.feed.post/3mmjpotrljk26,2026-05-23 15:00:56.470000+00:00,I bought a bunch of high cholesterol yummy breakfast stuff and when this morning came all I wanted was cottage cheese with canned peaches and an apple. Gawd I'm old.,0,7,2026-05-23,0.0006,negative
at://did:plc:sardh66hqi7bs3djn4wzgfoz/app.bsky.feed.post/3mmjwffrw2e2h,2026-05-23 17:00:55.814645+00:00,"Basic security shouldn't be a ""special mode."" Apple, Meta, Google's lockdown features are great, but hiding them behind opt-in is a cop-out. Who's actually enabling these? The people who need them most might not even know. Thoughts? #Spyware #Privacy #Security",0,1,2026-05-23,0.002,negative
at://did:plc:knheknbdhpqylvnogdwfuzbq/app.bsky.feed.post/3mmjqxx3u722h,2026-05-23 15:23:53.788000+00:00,"He doesn’t have an official name - I call him Honey or kitty, but we’re thinking Ryuk (one of my favorite shinigamis) and we could get him a collar with an apple on it.",0,1,2026-05-23,0.0139,negative
at://did:plc:zthpb4ef6yrc3oq2xkhqprzx/app.bsky.feed.post/3mmjfhwzkwk2u,2026-05-23 11:58:07.570000+00:00,DOGU previews ChocoPro 526 🍎 Apple Universe 🚀 in Ring at Shinjuku FACE! 🐉💜🆕🆚🍯💃⛵ Kahomaneci 🐻🐸🆚💙🐦 Just Desserts 🏵️🆚🆕 MIRAI 🍀🆚🐝 Bee & Clover 🍎🆚♠️ Eighth Launch www.reddit.com/r/SquaredCir... 🍫5️⃣2️⃣6️⃣🐶🔭 #wrestlesky 🤼🏻‍♀️ 🇯🇵 🤼🏻‍♂️ (Free PRO-WRESTLING on YouTube),3,5,2026-05-23,0.0053,negative
at://did:plc:natjrjr5vi3s5exrbc6f7j5f/app.bsky.feed.post/3mmi75edc222m,2026-05-23 00:32:10.240000+00:00,Widow’s Bay (Apple TV) is like a Call of Cthulhu game run by a sadistic GM with a really great sense of humor. The New England fishing/tourist village vibe is 🤌🏻,4,18,2026-05-23,0.9976,positive
at://did:plc:dptjy2mxpglxtzvs5coept5v/app.bsky.feed.post/3mmiev2ylx22m,2026-05-23 02:14:54.468000+00:00,"I did something very David and made a playlist that is essentially how I would’ve arranged Kylie’s 2003 album “Body Language”, incorporating remixes and b-sides released during the album era… Apple Music edition: music.apple.com/us/playlist/...",0,11,2026-05-23,0.9987,positive
at://did:plc:gz65c3o3xzobzutr6c2mcxue/app.bsky.feed.post/3mmjsijc77s2r,2026-05-23 15:51:05.380000+00:00,"I am Not Pleased, either. I mean, it’s all data mining in the end, but I will probably be switching to an Apple Watch when this one croaks. And yeah, I need to be monitoring certain health issues as well.",0,1,2026-05-23,0.0005,negative
at://did:plc:2ygbb7aag64ase3swmqerk3h/app.bsky.feed.post/3mmja7jhgw22q,2026-05-23 10:23:56.208000+00:00,"It's kinda wild but Microsoft can very well fall victims of AI just coz the hardware they relied on is more ai compatible, and thus experienced shortages, and thus got 3x more expensive, unexpectedly propping apple sales",0,3,2026-05-23,0.001,negative
at://did:plc:5cqzysioqzttihsnbsaxrggu/app.bsky.feed.post/3mmjvi5srwc27,2026-05-23 16:44:34.566000+00:00,"This seems very interesting. As always, I'm not personally an apple consumer, but they do some incredible technical work. Formal verification of PQ crypto is definitely something I personally haven't seen much of(I'm not deep in the field fwiw), so this is cool. security.apple.com/blog/formal-...",0,1,2026-05-23,0.9998,positive
at://did:plc:h24zwllzdxxxf4mh2hov4yss/app.bsky.feed.post/3mmjkw6sfns2n,2026-05-23 13:35:34.203000+00:00,Talk Georgia’s weekly news update goes live tonight at 22:00 on Spotify and Apple Podcasts. Patreon subscribers get early access - it’s available now www.patreon.com/posts/talk-g...,3,4,2026-05-23,0.078,negative
at://did:plc:gsdpkqs57fwiiwjczpmw45j3/app.bsky.feed.post/3mmjxfqob4227,2026-05-23 17:19:01.156000+00:00,"Waking up at 7am on a Saturday morning, well before my parents were awake. Pouring a big glass of apple/orange juice. Opening 3-5 slices of AMERICAN CHEESE PRODUCT, and mashing them into a ball for breakfast. IIRC, Scooby-Doo, Laff-a-Lympics, Bugs Bunny/Roadrunner Hour. Then outside for the day.",0,3,2026-05-23,0.0045,negative
at://did:plc:kkab4rqhe4smhqa3z4wpmwlc/app.bsky.feed.post/3mmjkd4y6lc2x,2026-05-23 13:24:54.762000+00:00,"Ngl this looks apple phone was bought because my family repeated requests for me into buying a ""high quality quality phone"" and I never regretted a phone gift more than",0,1,2026-05-23,0.019,negative
at://did:plc:57qhhfnbl7moodbnmjjzhx6w/app.bsky.feed.post/3mmjkmpq3xc2p,2026-05-23 13:30:16.410000+00:00,Does anyone know where I can find some ABDL themed watch faces for my Apple Watch? I looked at Facer and the only one I could find was the ABU wolf,0,2,2026-05-23,0.0003,negative
at://did:plc:n4yjvadw6hg3vp4yp5hltci3/app.bsky.feed.post/3mmiaiszgfk2u,2026-05-23 00:56:28.486000+00:00,"Pretty sure the most controversial opinion I have is that jam is mediocre at best and often quite unpleasant. I don’t like jelly either! I don’t like any cooked fruit! I’ll accept apple pie for the ice cream it often comes with if I’m offered it, but I don’t seek it out",2,28,2026-05-23,0.0073,negative
at://did:plc:k47i64ihuacjs7d2ysypa2vn/app.bsky.feed.post/3mmi7tis5ss2f,2026-05-23 00:44:33.034000+00:00,doesn't matter to me i would love eddie munson if he were a worm! perhaps moreso because i could carry him around town in a little apple!,0,9,2026-05-23,0.0065,negative
at://did:plc:2ap5ay6k4msyyalnfochdfto/app.bsky.feed.post/3mmjo7xbdyk2m,2026-05-23 14:34:43.075000+00:00,🎙️ The final opposition view of the season as @mattdaviesff.bsky.social is joined by Matt Davies to discuss Bournemouth's brilliant season and if #nffc can finally end that terrible record against them. 🍎 Apple podcasts: tinyurl.com/34y7tp69 📱 YouTube: tinyurl.com/34y7tp69,0,3,2026-05-23,0.8864,positive
at://did:plc:zfbudfc2cm7sznun25z3mxna/app.bsky.feed.post/3mmjxxrla3c2z,2026-05-23 17:29:06.087000+00:00,"🍊💩🤡👿🐷 does this shit using the AI you and I pay for against our will. I'd like to see the one where Colbert ducks under, pivots on his heel with a hook to the kidney, then follows up with a chop to the Adam's apple, and finishes with a heart punch. Colbert would kick Trump's ass.",0,1,2026-05-23,0.2268,negative
at://did:plc:lvwodiqbcwtvas6n4nfpkokt/app.bsky.feed.post/3mmijllk2jk2c,2026-05-23 03:39:04.983000+00:00,"Seriously, making a Diet MacBook Air (ie, the MacBook Neo) was nothing short of a masterstroke. They just created a fuckton more ppl invested in the Apple ecosystem, which is really nice if you can get it, but has historically been undermined in the personal computing market by huge entry costs.",0,15,2026-05-23,0.0033,negative
at://did:plc:eob75vcjtmbaef2tn4evc4sl/app.bsky.feed.post/3mmicz4mf3s2a,2026-05-23 01:41:22.900000+00:00,🙋🏽‍♂️ i’ll take a macbook neo if Bluesky is just giving out apple products,0,8,2026-05-23,0.0017,negative
at://did:plc:34w6p2nygxpqkiqbkrnq56ip/app.bsky.feed.post/3mmjhkd3uz32s,2026-05-23 12:33:34+00:00,#NowPlaying 🕥 10:33 pm 🎵 Birthday 🧑‍🎤 The Sugarcubes 💿 Life's Too Good 🎧 Apple Music / YouTube Music 📝 Lyrics,0,1,2026-05-23,0.0077,negative
at://did:plc:3ykz6mmcjejhyv6cagmsozzb/app.bsky.feed.post/3mmjbvrcon22l,2026-05-23 10:54:16.376000+00:00,An old pic of Applejack inviting you to bed after a long day in the apple field. #mlp #pinup #nsfw,3,4,2026-05-23,0.8276,positive
at://did:plc:77uya2ouihw55op3ck7hvrd6/app.bsky.feed.post/3mmivwdyhgk27,2026-05-23 07:19:51.067000+00:00,See what I mean!? Hopefully Apple get this right now.,0,1,2026-05-23,0.9944,positive
at://did:plc:sigiznqlbfufp6qn2ib5pldq/app.bsky.feed.post/3mmjrhyfbi22q,2026-05-23 15:32:53.912000+00:00,"emotional rollercoaster of waking up feeling like hell and realizing probably low blood sugar after too disoriented to move for hours to get up then taking two bites of an apple and feel normal, biting into the core a little bit, swallowing and then seeing the entire core is gray green furry mold",0,7,2026-05-23,0.0029,negative
at://did:plc:wfwr3vfa3tcxeu6zj2pce2qw/app.bsky.feed.post/3mmiuhj7ocs2f,2026-05-23 06:53:39.047000+00:00,"whe n you ask her how on earth her meat is so soft and shes like ""yeah it was in a smoker for 15 hours with hickory and apple wood""",0,8,2026-05-23,0.0562,negative
at://did:plc:pywnnp2bkgxxjzjxifcyfcjb/app.bsky.feed.post/3mmjqwi3li22k,2026-05-23 15:23:06.393000+00:00,"About thetvapp.to. I watched daily without paying for a subscription. I used the playlist format to run on an IPTV app on Android platforms. Amazon devices and Apple devices, too, but they can be a bit tricky if you're not tech-savvy, at least when it comes to finding info on YouTube.",0,1,2026-05-23,0.0038,negative
at://did:plc:zkdjneg7kggym7ujme65drbh/app.bsky.feed.post/3mmijfrosys2u,2026-05-23 03:35:50.104000+00:00,"The iPod and the iPhone were absolute moonshot projects by a company that in no way could be described as a colossus, but now the danger is that any new Apple product line that is “only” as popular as the iPod would be judged a dismal failure. It’s a bad incentive structure!",1,19,2026-05-23,0.0001,negative
at://did:plc:x65d25rcoamuufx4fn4qwhzh/app.bsky.feed.post/3mmidin4rsk2b,2026-05-23 01:50:03.531000+00:00,"This happened last year too, right? A game where it rained all game and they played the entire thing because it was an Apple TV game???",0,8,2026-05-23,0.0003,negative
at://did:plc:kgpx2vxo25xmzh5ekosbrkck/app.bsky.feed.post/3mmj3ev7e6c2p,2026-05-23 08:57:27.583000+00:00,Quanti ingegneri servono per rendere un minimo resizable il PiP su iPad? Ma qualcuno in Apple lo usa l’iPad?,1,1,2026-05-23,0.0077,negative
at://did:plc:omvocffs2w5xrzfs2gm4f7rp/app.bsky.feed.post/3mmigacc5yk2e,2026-05-23 02:39:04.961000+00:00,I feel like I'm going insane for thinking that in 5-10 years Apple could be one of the most important hardware manufacturers. If trends continue it feels like a matter of time they could try to step their toes in the server space again,0,8,2026-05-23,0.0017,negative
at://did:plc:54h2daa3xiajcygoz6s4c3tt/app.bsky.feed.post/3mmjhwxjeo227,2026-05-23 12:42:18.895000+00:00,"Bad drugs, super hacker & insidious corporate plots oh my! New Family, New Powers, Same Kick-Butt Kitty @ginikoch.bsky.social Amazon: www.amazon.com/Alien-Resear... B&N: www.barnesandnoble.com/w/alien-rese... Apple: books.apple.com/us/book/alie... Kobo: www.kobo.com/se/sv/ebook/...",1,2,2026-05-23,0.0025,negative
at://did:plc:6lxdc7oq7yqzpekohnf4ozh2/app.bsky.feed.post/3mmijyam2pc25,2026-05-23 03:46:09.722000+00:00,"I feel that way about Johanna, it’s still the name on like my Apple account and I hear it sometimes and she’s not me but she’s very important to me",0,6,2026-05-23,0.9995,positive
at://did:plc:54h2daa3xiajcygoz6s4c3tt/app.bsky.feed.post/3mmjiacitts27,2026-05-23 12:47:32.399000+00:00,"Flights of fancy, daring deeds and adventures await you! A fantastic collection of short stories from a master. @jeanmarieward.bsky.social Amazon: www.amazon.com/dp/B0DLX2YHFW B&N: www.barnesandnoble.com/w/dragons-ca... Apple: books.apple.com/us/book/drag... Kobo: www.kobo.com/us/en/ebook/...",0,2,2026-05-23,0.9997,positive
at://did:plc:ww23u2sqyo2pbc6r33u6btio/app.bsky.feed.post/3mmjd4fik722h,2026-05-23 11:15:52.609000+00:00,Good Saturday to you Carol. Hope you and yours have a wonderful day. Here’s Orono today plus a crab apple tree from UMaine campus yesterday. Take care Carol. Jim👋😊,0,2,2026-05-23,0.9999,positive
at://did:plc:2oicmh3gfq2x6kpipra4anpm/app.bsky.feed.post/3mmiczbnfgs2c,2026-05-23 01:41:28.173000+00:00,Got the leading actress in an Apple TV+ sci-fi series haircut…,0,2,2026-05-23,0.9753,positive
at://did:plc:nrmiejaxdtlozbozshfs5b5s/app.bsky.feed.post/3mmj452v3ak2s,2026-05-23 09:10:58.851000+00:00,"As far as I'm concerned, Steve Jobs was something of a cult leader. Which, honestly, wasn't uncommon amongst hippies. My friend once worked for Apple and it was disconcerting how much effort they put into making their employees hero-worship the guy as though he was the Second Coming of Christ.",2,4,2026-05-23,0.0037,negative
at://did:plc:fdd3weeix54dnt6rwm55agxd/app.bsky.feed.post/3mmj4vha4ic2t,2026-05-23 09:24:37.102000+00:00,Really hate that Apple puts photos into Recently Saved rather than just adds to your library THANK YOU FOR YOUR ATTENTION TO THIS MATTER!!!,0,8,2026-05-23,0.0032,negative
at://did:plc:j66wdcxtzhuh7ryqu6oogu3p/app.bsky.feed.post/3mmigcpl6pk25,2026-05-23 02:40:25.997000+00:00,"Fiona Apple was my first cousin’s best friend growing up in Manhattan. Fiona was first inspired to write song lyrics when my first cousin Manuela Paz had a fight with her parents. There’s an article about it in the New Yorker and below, in Rolling Stone. www.rollingstone.com/music/music-...",1,7,2026-05-23,0.9926,positive
at://did:plc:xr524qn2wtv3awvicpdywowf/app.bsky.feed.post/3mmiihv2eek2f,2026-05-23 03:19:06.995000+00:00,"Spending the weekend working more on Apple & Cinnamon, my Canadian small town cozy romance WIP. #authorsky #booksky #Canadiansky #cozyromance #indiewriter #romancesky",0,7,2026-05-23,0.0055,negative
at://did:plc:tjqlsrsls5tmqft27fs2m5zh/app.bsky.feed.post/3mmioofnsok2q,2026-05-23 05:10:08.186000+00:00,"DM me, I can text you it from apple news",0,3,2026-05-23,0.7712,positive
at://did:plc:kzu33nxzmttkxlcmrku5bvxn/app.bsky.feed.post/3mmikb3rsc22x,2026-05-23 03:51:06.657000+00:00,apple beef www.youtube.com/watch?v=6WsK...,0,2,2026-05-23,0.0085,negative
at://did:plc:6vpndvlh6xzqcgk6jswpxqvn/app.bsky.feed.post/3mmixtfbx7k26,2026-05-23 07:53:59.245000+00:00,"smart #3 Neat hatchback proportions, and I dig the wheels. Interior is very Apple-ish. Cute screen graphics. Accelerates like a maniac.",1,3,2026-05-23,0.9991,positive
at://did:plc:vrd5k7qh7bsj6upi7wunexgq/app.bsky.feed.post/3mmj2ffiftc2u,2026-05-23 08:39:50.921000+00:00,"🎧 On the Thunder taking a 2-1 series lead over the Spurs after OKC won Game 3 by 15 points. 🦊🪉 Fox, Harper back, but not at 100% 🔓 Cracks emerging in Spurs defense. OKC bench on 🔥 🥶 SA cold from 3PT 🎧 Apple podcasts.apple.com/us/podcast/s... 🎧 Spotify open.spotify.com/episode/5LpJ...",0,2,2026-05-23,0.0042,negative
at://did:plc:qgbsh53pxoy5mztes43r4hrp/app.bsky.feed.post/3mmimbhnynk2i,2026-05-23 04:27:06.599000+00:00,The way I was clutching my Apple TV remote 😭,0,1,2026-05-23,0.0029,negative
at://did:plc:bsrcvwilcmu6qyf4tdyuiepi/app.bsky.feed.post/3mmjiesnvz22n,2026-05-23 12:50:03.563000+00:00,"Headcanon: What if Lucifer was just tired of being mistaken for Satan by humans. ""No, Satan is the red big demon you've thought of. I'm the fallen angel guy, and the only reason why I've offered the apple to Eve in the first place was because I thought she was hungry!"" #HelluvaSky #HazbinHotel",0,2,2026-05-23,0.0006,negative
at://did:plc:kjsl6b5t5klf5cbtnkyxq3ar/app.bsky.feed.post/3mmjm2ogov22u,2026-05-23 13:55:58.557000+00:00,11 - my hands are a perfectly adequate size for a woman 12 - a good third of cis women i see in the street are as tall or taller than me 13 - my gf being a lesbian probably means she's attracted to me as a woman 14 - it's likely irresponsible to freak out about my Adams apple since I don't have one,0,6,2026-05-23,0.9898,positive
at://did:plc:qvwss3k5siuriesmcyhygs3d/app.bsky.feed.post/3mmja36uosk2t,2026-05-23 10:21:30.890000+00:00,"This is all we have. I was surprised to see Cherry but more surprised to see Pear forming ahead of Peach, and Haskap had blossoms for a week now. Lilac have leaves, and some apple have leaves now",0,1,2026-05-23,0.9996,positive
at://did:plc:fc4u2mzlekvfsd377oesadca/app.bsky.feed.post/3mmis3sg6xc2n,2026-05-23 06:11:19.001000+00:00,I mean I'd slap them so bad apple pie turns chocolate 🥧 #BlackOnlyPies... #LifeMovie 😂😂😂🍫,0,1,2026-05-23,0.0005,negative
at://did:plc:rhd4oq7o2epxl373lq2e36xq/app.bsky.feed.post/3mmihaehlts24,2026-05-23 02:57:00.980000+00:00,didn’t know it was Apple TV. you are all heroes and should get free tickets the rest of the weekend for filling in seats tonight in awful weather. just watching the recap and looks like the best kind of crowd to play in front of after a really bad stretch,0,9,2026-05-23,0.9987,positive
at://did:plc:4stdfighficstk2bbi77rq7z/app.bsky.feed.post/3mmiqqvkaos2k,2026-05-23 05:47:19.432000+00:00,i named him 'angel' [ #art | #furry | #furryoc | #skunk ],3,11,2026-05-23,0.0083,negative
at://did:plc:vhnfl7xl452tli2pzoqsxiu4/app.bsky.feed.post/3mmifouxouk2j,2026-05-23 02:29:20.563000+00:00,"I'd been listening to Fiona Apple on and off for years, and liked what I'd heard fine but nothing had ever really grabbed me Then when she released ""Fetch the Bolt Cutters"" in 2020 I gave it a spin and suddenly I was listening to it *all day long* on repeat for *weeks* on end. It was incredible.",0,5,2026-05-23,0.9969,positive
at://did:plc:d2txneimf647smkntm5c27fo/app.bsky.feed.post/3mmiif6chbc2a,2026-05-23 03:17:36.033000+00:00,"If you want a really cheap but accurate heart rate monitor, I can recommend Scosche; it’s what I used to track my tachycardia before I got my Apple Watch",0,3,2026-05-23,0.9694,positive
at://did:plc:7zfp3tykhpnwia5oyhttrmds/app.bsky.feed.post/3mmicoyngvs2a,2026-05-23 01:35:43.195000+00:00,MEMORIAL DAY WEEKEND MUSIC VIDEO “Amazing Grace” {2019-SHORT SINGLE VERSION-Solo Piano & Harmonica} -Nicholas Jack Marino -STREAM & BUY at Apple-Amazon-Pandora-Spotify-YouTube Music-All Others YouTube LINK@ www.youtube.com/watch?v=JD66...,0,4,2026-05-23,0.226,negative
at://did:plc:qrbhxsxh2tecz7hjvnkwshyw/app.bsky.feed.post/3mmibcscaxk2r,2026-05-23 01:11:00.087000+00:00,"Forget fancy focaccias, banging baguettes, cheeky ciabattas, NOTHING is as welcome, or tastes as impossibly DELICIOUS after a long imposed fast, as that little packet of mixed supermarket-bread sandwiches they give you in recovery. Am I wrong? #food #foodsky #cooksky #sandwiches 🍜 (dw, am perfect!)",0,12,2026-05-23,0.9764,positive
at://did:plc:4bh2mjl56fvyhmashez4fjft/app.bsky.feed.post/3mmib2rap6s2y,2026-05-23 01:06:30.608000+00:00,"Did everyone else miss the Tulsi Gabbard news too? No breaking news alert, nothing in the social feeds. Just happened to be one of the slot machine headlines of my Apple News sidebar…",0,3,2026-05-23,0.0002,negative
at://did:plc:jm6qpgvoyxpr64tvgi7by22r/app.bsky.feed.post/3mmi75pki6k2x,2026-05-23 00:32:22.011000+00:00,"(while eating an apple danish pastry that was 40% off) the way people use ""larper"" online like ""tourist"" doesn't even make sense. like isn't the whole point of the word ""larp"" (vis-à-vis ""rp"") is that you're doing it in real life. that's the opposite of trying to gatekeep fandom online",0,6,2026-05-23,0.0008,negative
at://did:plc:ssmyvjry5f3xrkvhgjywxds2/app.bsky.feed.post/3mmidxcoe622u,2026-05-23 01:58:15.889000+00:00,"that's what i said when i watched the episode the other day too, gameoverse hate is ""nigga ate an apple"" but there's also just nothing to latch onto. i will say its doing a very good job at being a disney channel show though",0,3,2026-05-23,0.9464,positive
at://did:plc:6dz3kaowh7s33wbp264s72i5/app.bsky.feed.post/3mmigsljeis2u,2026-05-23 02:49:18.615000+00:00,apple heavy shape opens up so many possibilities for things to go wrong...,0,1,2026-05-23,0.8532,positive
at://did:plc:drlogpog7r3px7ocw4oj333j/app.bsky.feed.post/3mmidqcjb422j,2026-05-23 01:54:20.840000+00:00,"Here you go. Post this everywhere! Leading Advertisers on CBS Carvana, Toyota, General Motors. Otezla, Prolia, Jardiance, Dupixent, Trulicity. Progressive, Liberty Amazon, Apple. Fidelity Investments, Chase Bank, Capital One. Consumer Goods & Services: Consumer Cellular, WeatherTech, Wayfair.",16,26,2026-05-23,0.901,positive
at://did:plc:h24zwllzdxxxf4mh2hov4yss/app.bsky.feed.post/3mmisrulfck26,2026-05-23 06:23:39.466000+00:00,Sciences Po professor and former State Minister for European Integration Tornike Gordadze joins Talk Georgia to dive into Georgian and regional politics. Watch or Listen: Spotify: h1.nu/1vqMo Apple Podcasts: h1.nu/1vqMM Youtube: youtu.be/PsqeUt1BVv0,0,2,2026-05-23,0.042,negative
